index,pt_count,dataset_id,timestamp,displacement,filtered,intensity,casing_thickness
0,100.0,0.0,0.0,15.0,15.0,0.0,4.968
1,100.0,0.0,1.0,15.0,15.0,0.0,4.968
2,100.0,0.0,2.0,15.0,15.0,0.0,4.968
3,100.0,0.0,3.0,15.0,15.0,0.0,4.968
4,100.0,0.0,4.0,15.0,15.0,0.0,4.968
5,100.0,0.0,5.0,15.0,15.0,0.0,4.968
6,100.0,0.0,6.0,15.0,15.0,0.0,4.968
7,100.0,0.0,7.0,15.0,15.0,0.0,4.968
8,100.0,0.0,8.0,15.0,15.0,0.0,4.968
9,100.0,0.0,9.0,15.0,15.0,0.0,4.968
10,100.0,0.0,10.0,15.0,15.0,0.0,4.968
11,100.0,0.0,11.0,15.0,15.0,0.0,4.968
12,100.0,0.0,12.0,15.0,15.0,0.0,4.968
13,100.0,0.0,13.0,15.0,15.0,0.0,4.968
14,100.0,0.0,14.0,15.0,15.0,0.0,4.968
15,100.0,0.0,15.0,15.0,15.0,0.0,4.968
16,100.0,0.0,16.0,15.0,15.0,0.0,4.968
17,100.0,0.0,17.0,15.0,15.0,0.0,4.968
18,100.0,0.0,18.0,15.0,15.0,0.0,4.968
19,100.0,0.0,19.0,15.0,15.0,0.0,4.968
20,100.0,0.0,20.0,15.0,15.0,0.0,4.968
21,100.0,0.0,21.0,15.0,15.0,0.0,4.968
22,100.0,0.0,22.0,15.0,15.0,0.0,4.968
23,100.0,0.0,23.0,15.0,15.0,0.0,4.968
24,100.0,0.0,24.0,15.0,15.0,0.0,4.968
25,100.0,0.0,25.0,15.0,15.0,5.76171875,4.968
26,100.0,0.0,26.0,15.0,15.0,6.0546875,4.968
27,100.0,0.0,27.0,15.0,15.0,6.640625,4.968
28,100.0,0.0,28.0,15.0,15.0,0.0,4.968
29,100.0,0.0,29.0,15.0,15.0,18.1640625,4.968
30,100.0,0.0,30.0,15.0,15.0,0.0,4.968
31,100.0,0.0,31.0,15.0,15.0,6.34765625,4.968
32,100.0,0.0,32.0,15.0,15.0,0.0,4.968
33,100.0,0.0,33.0,15.0,15.0,0.0,4.968
34,100.0,0.0,34.0,15.0,15.0,0.0,4.968
35,100.0,0.0,35.0,15.0,15.0,0.0,4.968
36,100.0,0.0,36.0,15.0,15.0,0.0,4.968
37,100.0,0.0,37.0,15.0,15.0,0.0,4.968
38,100.0,0.0,38.0,15.0,15.0,0.0,4.968
39,100.0,0.0,39.0,6.110761,6.110761,5.37109375,4.968
40,100.0,0.0,40.0,6.110761,6.110761,0.0,4.968
41,100.0,0.0,41.0,6.110761,6.110761,0.0,4.968
42,100.0,0.0,42.0,6.110761,6.110761,0.0,4.968
43,100.0,0.0,43.0,6.110761,6.110761,0.0,4.968
44,100.0,0.0,44.0,6.110761,6.110761,0.0,4.968
45,100.0,0.0,45.0,6.110761,6.110761,0.0,4.968
46,100.0,0.0,46.0,6.110761,6.110761,0.0,4.968
47,100.0,0.0,47.0,6.110761,6.110761,0.0,4.968
48,100.0,0.0,48.0,6.110761,6.110761,0.0,4.968
49,100.0,0.0,49.0,6.110761,6.110761,0.0,4.968
50,100.0,0.0,50.0,15.0,15.0,0.0,4.968
51,100.0,0.0,51.0,15.0,15.0,0.0,4.968
52,100.0,0.0,52.0,15.0,15.0,0.0,4.968
53,100.0,0.0,53.0,15.0,15.0,0.0,4.968
54,100.0,0.0,54.0,15.0,15.0,0.0,4.968
55,100.0,0.0,55.0,15.0,15.0,0.0,4.968
56,100.0,0.0,56.0,15.0,15.0,0.0,4.968
57,100.0,0.0,57.0,15.0,15.0,0.0,4.968
58,100.0,0.0,58.0,15.0,15.0,0.0,4.968
59,100.0,0.0,59.0,15.0,15.0,0.0,4.968
60,100.0,0.0,60.0,15.0,15.0,0.0,4.968
61,100.0,0.0,61.0,15.0,15.0,0.0,4.968
62,100.0,0.0,62.0,15.0,15.0,0.0,4.968
63,100.0,0.0,63.0,15.0,15.0,0.0,4.968
64,100.0,0.0,64.0,15.0,15.0,0.0,4.968
65,100.0,0.0,65.0,15.0,15.0,0.0,4.968
66,100.0,0.0,66.0,15.0,15.0,0.0,4.968
67,100.0,0.0,67.0,15.0,15.0,0.0,4.968
68,100.0,0.0,68.0,15.0,15.0,0.0,4.968
69,100.0,0.0,69.0,15.0,15.0,0.0,4.968
70,100.0,0.0,70.0,15.0,15.0,0.0,4.968
71,100.0,0.0,71.0,15.0,15.0,0.0,4.968
72,100.0,0.0,72.0,15.0,15.0,0.0,4.968
73,100.0,0.0,73.0,15.0,15.0,0.0,4.968
74,100.0,0.0,74.0,15.0,15.0,0.0,4.968
75,100.0,0.0,75.0,15.0,15.0,0.0,4.968
76,100.0,0.0,76.0,15.0,15.0,0.0,4.968
77,100.0,0.0,77.0,15.0,15.0,0.0,4.968
78,100.0,0.0,78.0,15.0,15.0,0.0,4.968
79,100.0,0.0,79.0,15.0,15.0,0.0,4.968
80,100.0,0.0,80.0,15.0,15.0,0.0,4.968
81,100.0,0.0,81.0,15.0,15.0,0.0,4.968
82,100.0,0.0,82.0,15.0,15.0,0.0,4.968
83,100.0,0.0,83.0,15.0,15.0,0.0,4.968
84,100.0,0.0,84.0,15.0,15.0,0.0,4.968
85,100.0,0.0,85.0,15.0,15.0,0.0,4.968
86,100.0,0.0,86.0,15.0,15.0,0.0,4.968
87,100.0,0.0,87.0,15.0,15.0,0.0,4.968
88,100.0,0.0,88.0,15.0,15.0,0.0,4.968
89,100.0,0.0,89.0,15.0,15.0,0.0,4.968
90,100.0,0.0,90.0,15.0,15.0,0.0,4.968
91,100.0,0.0,91.0,15.0,15.0,0.0,4.968
92,100.0,0.0,92.0,15.0,15.0,0.0,4.968
93,100.0,0.0,93.0,15.0,15.0,0.0,4.968
94,100.0,0.0,94.0,15.0,15.0,0.0,4.968
95,100.0,0.0,95.0,15.0,15.0,0.0,4.968
96,100.0,0.0,96.0,15.0,15.0,0.0,4.968
97,100.0,0.0,97.0,15.0,15.0,0.0,4.968
98,100.0,0.0,98.0,15.0,15.0,0.0,4.968
99,100.0,0.0,99.0,15.0,15.0,0.0,4.968
100,100.0,1.0,100.0,15.0,15.0,0.0,4.968
101,100.0,1.0,101.0,15.0,15.0,0.0,4.968
102,100.0,1.0,102.0,15.0,15.0,0.0,4.968
103,100.0,1.0,103.0,15.0,15.0,0.0,4.968
104,100.0,1.0,104.0,15.0,15.0,0.0,4.968
105,100.0,1.0,105.0,15.0,15.0,0.0,4.968
106,100.0,1.0,106.0,15.0,15.0,0.0,4.968
107,100.0,1.0,107.0,15.0,15.0,0.0,4.968
108,100.0,1.0,108.0,15.0,15.0,0.0,4.968
109,100.0,1.0,109.0,15.0,15.0,0.0,4.968
110,100.0,1.0,110.0,15.0,15.0,0.0,4.968
111,100.0,1.0,111.0,15.0,15.0,0.0,4.968
112,100.0,1.0,112.0,15.0,15.0,0.0,4.968
113,100.0,1.0,113.0,15.0,15.0,0.0,4.968
114,100.0,1.0,114.0,15.0,15.0,0.0,4.968
115,100.0,1.0,115.0,15.0,15.0,0.0,4.968
116,100.0,1.0,116.0,15.0,15.0,0.0,4.968
117,100.0,1.0,117.0,15.0,15.0,0.0,4.968
118,100.0,1.0,118.0,15.0,15.0,0.0,4.968
119,100.0,1.0,119.0,15.0,15.0,0.0,4.968
120,100.0,1.0,120.0,15.0,15.0,0.0,4.968
121,100.0,1.0,121.0,15.0,15.0,0.0,4.968
122,100.0,1.0,122.0,15.0,15.0,0.0,4.968
123,100.0,1.0,123.0,15.0,15.0,0.0,4.968
124,100.0,1.0,124.0,15.0,15.0,0.0,4.968
125,100.0,1.0,125.0,15.0,15.0,0.0,4.968
126,100.0,1.0,126.0,15.0,15.0,0.0,4.968
127,100.0,1.0,127.0,15.0,15.0,0.0,4.968
128,100.0,1.0,128.0,15.0,15.0,0.0,4.968
129,100.0,1.0,129.0,15.0,15.0,0.0,4.968
130,100.0,1.0,130.0,15.0,15.0,0.0,4.968
131,100.0,1.0,131.0,15.0,15.0,0.0,4.968
132,100.0,1.0,132.0,15.0,15.0,0.0,4.968
133,100.0,1.0,133.0,15.0,15.0,0.0,4.968
134,100.0,1.0,134.0,15.0,15.0,0.0,4.968
135,100.0,1.0,135.0,15.0,15.0,0.0,4.968
136,100.0,1.0,136.0,15.0,15.0,0.0,4.968
137,100.0,1.0,137.0,15.0,15.0,0.0,4.968
138,100.0,1.0,138.0,15.0,15.0,0.0,4.968
139,100.0,1.0,139.0,15.0,15.0,0.0,4.968
140,100.0,1.0,140.0,15.0,15.0,0.0,4.968
141,100.0,1.0,141.0,15.0,15.0,0.0,4.968
142,100.0,1.0,142.0,15.0,15.0,0.0,4.968
143,100.0,1.0,143.0,15.0,15.0,0.0,4.968
144,100.0,1.0,144.0,15.0,15.0,0.0,4.968
145,100.0,1.0,145.0,15.0,15.0,0.0,4.968
146,100.0,1.0,146.0,15.0,15.0,0.0,4.968
147,100.0,1.0,147.0,15.0,15.0,0.0,4.968
148,100.0,1.0,148.0,15.0,15.0,0.0,4.968
149,100.0,1.0,149.0,15.0,15.0,0.0,4.968
150,100.0,1.0,150.0,15.0,15.0,0.0,4.968
151,100.0,1.0,151.0,15.0,15.0,0.0,4.968
152,100.0,1.0,152.0,15.0,15.0,0.0,4.968
153,100.0,1.0,153.0,15.0,15.0,0.0,4.968
154,100.0,1.0,154.0,15.0,15.0,0.0,4.968
155,100.0,1.0,155.0,15.0,15.0,0.0,4.968
156,100.0,1.0,156.0,15.0,15.0,0.0,4.968
157,100.0,1.0,157.0,15.0,15.0,0.0,4.968
158,100.0,1.0,158.0,15.0,15.0,0.0,4.968
159,100.0,1.0,159.0,15.0,15.0,0.0,4.968
160,100.0,1.0,160.0,15.0,15.0,0.0,4.968
161,100.0,1.0,161.0,15.0,15.0,0.0,4.968
162,100.0,1.0,162.0,15.0,15.0,0.0,4.968
163,100.0,1.0,163.0,15.0,15.0,0.0,4.968
164,100.0,1.0,164.0,15.0,15.0,0.0,4.968
165,100.0,1.0,165.0,15.0,15.0,0.0,4.968
166,100.0,1.0,166.0,15.0,15.0,0.0,4.968
167,100.0,1.0,167.0,15.0,15.0,0.0,4.968
168,100.0,1.0,168.0,15.0,15.0,0.0,4.968
169,100.0,1.0,169.0,15.0,15.0,0.0,4.968
170,100.0,1.0,170.0,15.0,15.0,0.0,4.968
171,100.0,1.0,171.0,15.0,15.0,5.37109375,4.968
172,100.0,1.0,172.0,15.0,15.0,0.0,4.968
173,100.0,1.0,173.0,15.0,15.0,0.0,4.968
174,100.0,1.0,174.0,15.0,15.0,0.0,4.968
175,100.0,1.0,175.0,15.0,15.0,0.0,4.968
176,100.0,1.0,176.0,15.0,15.0,0.0,4.968
177,100.0,1.0,177.0,15.0,15.0,0.0,4.968
178,100.0,1.0,178.0,15.0,15.0,0.0,4.968
179,100.0,1.0,179.0,15.0,15.0,0.0,4.968
180,100.0,1.0,180.0,15.0,15.0,0.0,4.968
181,100.0,1.0,181.0,15.0,15.0,0.0,4.968
182,100.0,1.0,182.0,6.116514,6.116514,6.0546875,4.968
183,100.0,1.0,183.0,6.116514,6.116514,0.0,4.968
184,100.0,1.0,184.0,6.116514,6.116514,0.0,4.968
185,100.0,1.0,185.0,6.116514,6.116514,0.0,4.968
186,100.0,1.0,186.0,6.116514,6.116514,0.0,4.968
187,100.0,1.0,187.0,6.116514,6.116514,0.0,4.968
188,100.0,1.0,188.0,6.116514,6.116514,0.0,4.968
189,100.0,1.0,189.0,6.116514,6.116514,0.0,4.968
190,100.0,1.0,190.0,6.116514,6.116514,0.0,4.968
191,100.0,1.0,191.0,6.116514,6.116514,0.0,4.968
192,100.0,1.0,192.0,6.116514,6.116514,0.0,4.968
193,100.0,1.0,193.0,15.0,15.0,0.0,4.968
194,100.0,1.0,194.0,15.0,15.0,0.0,4.968
195,100.0,1.0,195.0,15.0,15.0,0.0,4.968
196,100.0,1.0,196.0,15.0,15.0,0.0,4.968
197,100.0,1.0,197.0,15.0,15.0,0.0,4.968
198,100.0,1.0,198.0,15.0,15.0,0.0,4.968
199,100.0,1.0,199.0,15.0,15.0,0.0,4.968
200,100.0,2.0,200.0,15.0,15.0,0.0,4.968
201,100.0,2.0,201.0,15.0,15.0,0.0,4.968
202,100.0,2.0,202.0,15.0,15.0,0.0,4.968
203,100.0,2.0,203.0,15.0,15.0,0.0,4.968
204,100.0,2.0,204.0,15.0,15.0,0.0,4.968
205,100.0,2.0,205.0,15.0,15.0,0.0,4.968
206,100.0,2.0,206.0,15.0,15.0,0.0,4.968
207,100.0,2.0,207.0,15.0,15.0,0.0,4.968
208,100.0,2.0,208.0,15.0,15.0,0.0,4.968
209,100.0,2.0,209.0,15.0,15.0,0.0,4.968
210,100.0,2.0,210.0,15.0,15.0,0.0,4.968
211,100.0,2.0,211.0,15.0,15.0,0.0,4.968
212,100.0,2.0,212.0,15.0,15.0,0.0,4.968
213,100.0,2.0,213.0,15.0,15.0,0.0,4.968
214,100.0,2.0,214.0,15.0,15.0,0.0,4.968
215,100.0,2.0,215.0,15.0,15.0,0.0,4.968
216,100.0,2.0,216.0,15.0,15.0,0.0,4.968
217,100.0,2.0,217.0,15.0,15.0,0.0,4.968
218,100.0,2.0,218.0,15.0,15.0,0.0,4.968
219,100.0,2.0,219.0,15.0,15.0,0.0,4.968
220,100.0,2.0,220.0,15.0,15.0,0.0,4.968
221,100.0,2.0,221.0,15.0,15.0,0.0,4.968
222,100.0,2.0,222.0,15.0,15.0,0.0,4.968
223,100.0,2.0,223.0,15.0,15.0,0.0,4.968
224,100.0,2.0,224.0,15.0,15.0,0.0,4.968
225,100.0,2.0,225.0,15.0,15.0,0.0,4.968
226,100.0,2.0,226.0,15.0,15.0,0.0,4.968
227,100.0,2.0,227.0,15.0,15.0,0.0,4.968
228,100.0,2.0,228.0,15.0,15.0,0.0,4.968
229,100.0,2.0,229.0,15.0,15.0,0.0,4.968
230,100.0,2.0,230.0,15.0,15.0,0.0,4.968
231,100.0,2.0,231.0,15.0,15.0,0.0,4.968
232,100.0,2.0,232.0,15.0,15.0,0.0,4.968
233,100.0,2.0,233.0,15.0,15.0,0.0,4.968
234,100.0,2.0,234.0,15.0,15.0,0.0,4.968
235,100.0,2.0,235.0,15.0,15.0,0.0,4.968
236,100.0,2.0,236.0,15.0,15.0,0.0,4.968
237,100.0,2.0,237.0,15.0,15.0,0.0,4.968
238,100.0,2.0,238.0,15.0,15.0,0.0,4.968
239,100.0,2.0,239.0,15.0,15.0,0.0,4.968
240,100.0,2.0,240.0,15.0,15.0,0.0,4.968
241,100.0,2.0,241.0,15.0,15.0,0.0,4.968
242,100.0,2.0,242.0,15.0,15.0,0.0,4.968
243,100.0,2.0,243.0,15.0,15.0,0.0,4.968
244,100.0,2.0,244.0,15.0,15.0,0.0,4.968
245,100.0,2.0,245.0,15.0,15.0,0.0,4.968
246,100.0,2.0,246.0,15.0,15.0,0.0,4.968
247,100.0,2.0,247.0,15.0,15.0,0.0,4.968
248,100.0,2.0,248.0,15.0,15.0,0.0,4.968
249,100.0,2.0,249.0,15.0,15.0,0.0,4.968
250,100.0,2.0,250.0,15.0,15.0,0.0,4.968
251,100.0,2.0,251.0,15.0,15.0,0.0,4.968
252,100.0,2.0,252.0,15.0,15.0,0.0,4.968
253,100.0,2.0,253.0,15.0,15.0,0.0,4.968
254,100.0,2.0,254.0,15.0,15.0,0.0,4.968
255,100.0,2.0,255.0,15.0,15.0,0.0,4.968
256,100.0,2.0,256.0,15.0,15.0,0.0,4.968
257,100.0,2.0,257.0,15.0,15.0,0.0,4.968
258,100.0,2.0,258.0,15.0,15.0,0.0,4.968
259,100.0,2.0,259.0,15.0,15.0,0.0,4.968
260,100.0,2.0,260.0,15.0,15.0,0.0,4.968
261,100.0,2.0,261.0,15.0,15.0,0.0,4.968
262,100.0,2.0,262.0,15.0,15.0,0.0,4.968
263,100.0,2.0,263.0,15.0,15.0,0.0,4.968
264,100.0,2.0,264.0,15.0,15.0,0.0,4.968
265,100.0,2.0,265.0,15.0,15.0,0.0,4.968
266,100.0,2.0,266.0,15.0,15.0,0.0,4.968
267,100.0,2.0,267.0,15.0,15.0,0.0,4.968
268,100.0,2.0,268.0,15.0,15.0,0.0,4.968
269,100.0,2.0,269.0,15.0,15.0,0.0,4.968
270,100.0,2.0,270.0,15.0,15.0,0.0,4.968
271,100.0,2.0,271.0,15.0,15.0,0.0,4.968
272,100.0,2.0,272.0,15.0,15.0,0.0,4.968
273,100.0,2.0,273.0,15.0,15.0,0.0,4.968
274,100.0,2.0,274.0,15.0,15.0,0.0,4.968
275,100.0,2.0,275.0,15.0,15.0,0.0,4.968
276,100.0,2.0,276.0,15.0,15.0,0.0,4.968
277,100.0,2.0,277.0,15.0,15.0,0.0,4.968
278,100.0,2.0,278.0,15.0,15.0,0.0,4.968
279,100.0,2.0,279.0,15.0,15.0,0.0,4.968
280,100.0,2.0,280.0,15.0,15.0,0.0,4.968
281,100.0,2.0,281.0,15.0,15.0,0.0,4.968
282,100.0,2.0,282.0,15.0,15.0,0.0,4.968
283,100.0,2.0,283.0,15.0,15.0,0.0,4.968
284,100.0,2.0,284.0,15.0,15.0,0.0,4.968
285,100.0,2.0,285.0,15.0,15.0,0.0,4.968
286,100.0,2.0,286.0,15.0,15.0,0.0,4.968
287,100.0,2.0,287.0,15.0,15.0,0.0,4.968
288,100.0,2.0,288.0,15.0,15.0,0.0,4.968
289,100.0,2.0,289.0,15.0,15.0,0.0,4.968
290,100.0,2.0,290.0,15.0,15.0,0.0,4.968
291,100.0,2.0,291.0,15.0,15.0,0.0,4.968
292,100.0,2.0,292.0,15.0,15.0,0.0,4.968
293,100.0,2.0,293.0,15.0,15.0,0.0,4.968
294,100.0,2.0,294.0,15.0,15.0,0.0,4.968
295,100.0,2.0,295.0,15.0,15.0,0.0,4.968
296,100.0,2.0,296.0,15.0,15.0,0.0,4.968
297,100.0,2.0,297.0,15.0,15.0,0.0,4.968
298,100.0,2.0,298.0,15.0,15.0,0.0,4.968
299,100.0,2.0,299.0,15.0,15.0,0.0,4.968
300,100.0,3.0,300.0,15.0,15.0,0.0,4.968
301,100.0,3.0,301.0,15.0,15.0,0.0,4.968
302,100.0,3.0,302.0,15.0,15.0,0.0,4.968
303,100.0,3.0,303.0,15.0,15.0,0.0,4.968
304,100.0,3.0,304.0,15.0,15.0,0.0,4.968
305,100.0,3.0,305.0,15.0,15.0,0.0,4.968
306,100.0,3.0,306.0,15.0,15.0,0.0,4.968
307,100.0,3.0,307.0,15.0,15.0,0.0,4.968
308,100.0,3.0,308.0,15.0,15.0,0.0,4.968
309,100.0,3.0,309.0,15.0,15.0,0.0,4.968
310,100.0,3.0,310.0,15.0,15.0,0.0,4.968
311,100.0,3.0,311.0,15.0,15.0,0.0,4.968
312,100.0,3.0,312.0,15.0,15.0,0.0,4.968
313,100.0,3.0,313.0,15.0,15.0,0.0,4.968
314,100.0,3.0,314.0,15.0,15.0,0.0,4.968
315,100.0,3.0,315.0,15.0,15.0,0.0,4.968
316,100.0,3.0,316.0,15.0,15.0,0.0,4.968
317,100.0,3.0,317.0,15.0,15.0,0.0,4.968
318,100.0,3.0,318.0,15.0,15.0,0.0,4.968
319,100.0,3.0,319.0,15.0,15.0,0.0,4.968
320,100.0,3.0,320.0,15.0,15.0,0.0,4.968
321,100.0,3.0,321.0,15.0,15.0,0.0,4.968
322,100.0,3.0,322.0,15.0,15.0,0.0,4.968
323,100.0,3.0,323.0,15.0,15.0,0.0,4.968
324,100.0,3.0,324.0,15.0,15.0,0.0,4.968
325,100.0,3.0,325.0,15.0,15.0,0.0,4.968
326,100.0,3.0,326.0,15.0,15.0,0.0,4.968
327,100.0,3.0,327.0,15.0,15.0,0.0,4.968
328,100.0,3.0,328.0,15.0,15.0,0.0,4.968
329,100.0,3.0,329.0,15.0,15.0,0.0,4.968
330,100.0,3.0,330.0,15.0,15.0,0.0,4.968
331,100.0,3.0,331.0,15.0,15.0,0.0,4.968
332,100.0,3.0,332.0,15.0,15.0,0.0,4.968
333,100.0,3.0,333.0,15.0,15.0,0.0,4.968
334,100.0,3.0,334.0,15.0,15.0,0.0,4.968
335,100.0,3.0,335.0,15.0,15.0,0.0,4.968
336,100.0,3.0,336.0,15.0,15.0,0.0,4.968
337,100.0,3.0,337.0,15.0,15.0,0.0,4.968
338,100.0,3.0,338.0,15.0,15.0,0.0,4.968
339,100.0,3.0,339.0,15.0,15.0,0.0,4.968
340,100.0,3.0,340.0,15.0,15.0,0.0,4.968
341,100.0,3.0,341.0,15.0,15.0,0.0,4.968
342,100.0,3.0,342.0,15.0,15.0,0.0,4.968
343,100.0,3.0,343.0,15.0,15.0,0.0,4.968
344,100.0,3.0,344.0,15.0,15.0,0.0,4.968
345,100.0,3.0,345.0,15.0,15.0,0.0,4.968
346,100.0,3.0,346.0,15.0,15.0,0.0,4.968
347,100.0,3.0,347.0,15.0,15.0,0.0,4.968
348,100.0,3.0,348.0,15.0,15.0,0.0,4.968
349,100.0,3.0,349.0,15.0,15.0,0.0,4.968
350,100.0,3.0,350.0,15.0,15.0,0.0,4.968
351,100.0,3.0,351.0,15.0,15.0,0.0,4.968
352,100.0,3.0,352.0,15.0,15.0,0.0,4.968
353,100.0,3.0,353.0,15.0,15.0,0.0,4.968
354,100.0,3.0,354.0,15.0,15.0,0.0,4.968
355,100.0,3.0,355.0,15.0,15.0,0.0,4.968
356,100.0,3.0,356.0,15.0,15.0,0.0,4.968
357,100.0,3.0,357.0,15.0,15.0,0.0,4.968
358,100.0,3.0,358.0,15.0,15.0,0.0,4.968
359,100.0,3.0,359.0,15.0,15.0,0.0,4.968
360,100.0,3.0,360.0,15.0,15.0,0.0,4.968
361,100.0,3.0,361.0,15.0,15.0,0.0,4.968
362,100.0,3.0,362.0,15.0,15.0,0.0,4.968
363,100.0,3.0,363.0,15.0,15.0,0.0,4.968
364,100.0,3.0,364.0,15.0,15.0,0.0,4.968
365,100.0,3.0,365.0,15.0,15.0,0.0,4.968
366,100.0,3.0,366.0,15.0,15.0,0.0,4.968
367,100.0,3.0,367.0,15.0,15.0,0.0,4.968
368,100.0,3.0,368.0,15.0,15.0,0.0,4.968
369,100.0,3.0,369.0,15.0,15.0,0.0,4.968
370,100.0,3.0,370.0,15.0,15.0,0.0,4.968
371,100.0,3.0,371.0,15.0,15.0,0.0,4.968
372,100.0,3.0,372.0,15.0,15.0,0.0,4.968
373,100.0,3.0,373.0,15.0,15.0,0.0,4.968
374,100.0,3.0,374.0,15.0,15.0,0.0,4.968
375,100.0,3.0,375.0,15.0,15.0,0.0,4.968
376,100.0,3.0,376.0,15.0,15.0,0.0,4.968
377,100.0,3.0,377.0,15.0,15.0,0.0,4.968
378,100.0,3.0,378.0,15.0,15.0,0.0,4.968
379,100.0,3.0,379.0,15.0,15.0,0.0,4.968
380,100.0,3.0,380.0,15.0,15.0,0.0,4.968
381,100.0,3.0,381.0,15.0,15.0,0.0,4.968
382,100.0,3.0,382.0,15.0,15.0,0.0,4.968
383,100.0,3.0,383.0,15.0,15.0,0.0,4.968
384,100.0,3.0,384.0,15.0,15.0,0.0,4.968
385,100.0,3.0,385.0,15.0,15.0,0.0,4.968
386,100.0,3.0,386.0,15.0,15.0,0.0,4.968
387,100.0,3.0,387.0,15.0,15.0,0.0,4.968
388,100.0,3.0,388.0,15.0,15.0,0.0,4.968
389,100.0,3.0,389.0,15.0,15.0,0.0,4.968
390,100.0,3.0,390.0,15.0,15.0,0.0,4.968
391,100.0,3.0,391.0,15.0,15.0,0.0,4.968
392,100.0,3.0,392.0,15.0,15.0,0.0,4.968
393,100.0,3.0,393.0,15.0,15.0,0.0,4.968
394,100.0,3.0,394.0,15.0,15.0,0.0,4.968
395,100.0,3.0,395.0,15.0,15.0,0.0,4.968
396,100.0,3.0,396.0,15.0,15.0,0.0,4.968
397,100.0,3.0,397.0,15.0,15.0,0.0,4.968
398,100.0,3.0,398.0,15.0,15.0,0.0,4.968
399,100.0,3.0,399.0,15.0,15.0,0.0,4.968
400,100.0,4.0,400.0,15.0,15.0,0.0,4.968
401,100.0,4.0,401.0,15.0,15.0,0.0,4.968
402,100.0,4.0,402.0,15.0,15.0,0.0,4.968
403,100.0,4.0,403.0,15.0,15.0,0.0,4.968
404,100.0,4.0,404.0,15.0,15.0,0.0,4.968
405,100.0,4.0,405.0,15.0,15.0,0.0,4.968
406,100.0,4.0,406.0,15.0,15.0,0.0,4.968
407,100.0,4.0,407.0,15.0,15.0,0.0,4.968
408,100.0,4.0,408.0,15.0,15.0,0.0,4.968
409,100.0,4.0,409.0,15.0,15.0,0.0,4.968
410,100.0,4.0,410.0,15.0,15.0,0.0,4.968
411,100.0,4.0,411.0,15.0,15.0,0.0,4.968
412,100.0,4.0,412.0,15.0,15.0,0.0,4.968
413,100.0,4.0,413.0,15.0,15.0,0.0,4.968
414,100.0,4.0,414.0,15.0,15.0,0.0,4.968
415,100.0,4.0,415.0,15.0,15.0,0.0,4.968
416,100.0,4.0,416.0,15.0,15.0,0.0,4.968
417,100.0,4.0,417.0,15.0,15.0,0.0,4.968
418,100.0,4.0,418.0,15.0,15.0,0.0,4.968
419,100.0,4.0,419.0,15.0,15.0,0.0,4.968
420,100.0,4.0,420.0,15.0,15.0,0.0,4.968
421,100.0,4.0,421.0,15.0,15.0,0.0,4.968
422,100.0,4.0,422.0,15.0,15.0,0.0,4.968
423,100.0,4.0,423.0,15.0,15.0,0.0,4.968
424,100.0,4.0,424.0,15.0,15.0,0.0,4.968
425,100.0,4.0,425.0,15.0,15.0,0.0,4.968
426,100.0,4.0,426.0,15.0,15.0,0.0,4.968
427,100.0,4.0,427.0,15.0,15.0,0.0,4.968
428,100.0,4.0,428.0,15.0,15.0,0.0,4.968
429,100.0,4.0,429.0,15.0,15.0,0.0,4.968
430,100.0,4.0,430.0,15.0,15.0,0.0,4.968
431,100.0,4.0,431.0,15.0,15.0,0.0,4.968
432,100.0,4.0,432.0,15.0,15.0,0.0,4.968
433,100.0,4.0,433.0,15.0,15.0,0.0,4.968
434,100.0,4.0,434.0,15.0,15.0,0.0,4.968
435,100.0,4.0,435.0,15.0,15.0,0.0,4.968
436,100.0,4.0,436.0,15.0,15.0,0.0,4.968
437,100.0,4.0,437.0,15.0,15.0,0.0,4.968
438,100.0,4.0,438.0,15.0,15.0,0.0,4.968
439,100.0,4.0,439.0,15.0,15.0,0.0,4.968
440,100.0,4.0,440.0,15.0,15.0,0.0,4.968
441,100.0,4.0,441.0,15.0,15.0,0.0,4.968
442,100.0,4.0,442.0,15.0,15.0,0.0,4.968
443,100.0,4.0,443.0,15.0,15.0,0.0,4.968
444,100.0,4.0,444.0,15.0,15.0,0.0,4.968
445,100.0,4.0,445.0,15.0,15.0,0.0,4.968
446,100.0,4.0,446.0,15.0,15.0,0.0,4.968
447,100.0,4.0,447.0,15.0,15.0,0.0,4.968
448,100.0,4.0,448.0,15.0,15.0,0.0,4.968
449,100.0,4.0,449.0,15.0,15.0,0.0,4.968
450,100.0,4.0,450.0,15.0,15.0,0.0,4.968
451,100.0,4.0,451.0,15.0,15.0,0.0,4.968
452,100.0,4.0,452.0,15.0,15.0,0.0,4.968
453,100.0,4.0,453.0,15.0,15.0,0.0,4.968
454,100.0,4.0,454.0,15.0,15.0,0.0,4.968
455,100.0,4.0,455.0,15.0,15.0,0.0,4.968
456,100.0,4.0,456.0,15.0,15.0,0.0,4.968
457,100.0,4.0,457.0,15.0,15.0,0.0,4.968
458,100.0,4.0,458.0,15.0,15.0,0.0,4.968
459,100.0,4.0,459.0,15.0,15.0,0.0,4.968
460,100.0,4.0,460.0,15.0,15.0,0.0,4.968
461,100.0,4.0,461.0,15.0,15.0,0.0,4.968
462,100.0,4.0,462.0,15.0,15.0,0.0,4.968
463,100.0,4.0,463.0,15.0,15.0,0.0,4.968
464,100.0,4.0,464.0,15.0,15.0,0.0,4.968
465,100.0,4.0,465.0,15.0,15.0,0.0,4.968
466,100.0,4.0,466.0,15.0,15.0,0.0,4.968
467,100.0,4.0,467.0,15.0,15.0,0.0,4.968
468,100.0,4.0,468.0,15.0,15.0,0.0,4.968
469,100.0,4.0,469.0,15.0,15.0,0.0,4.968
470,100.0,4.0,470.0,6.122376,6.122376,5.6640625,4.968
471,100.0,4.0,471.0,6.122376,6.122376,0.0,4.968
472,100.0,4.0,472.0,6.122376,6.122376,0.0,4.968
473,100.0,4.0,473.0,6.122376,6.122376,0.0,4.968
474,100.0,4.0,474.0,6.122376,6.122376,0.0,4.968
475,100.0,4.0,475.0,6.122376,6.122376,0.0,4.968
476,100.0,4.0,476.0,6.122376,6.122376,0.0,4.968
477,100.0,4.0,477.0,6.122376,6.122376,0.0,4.968
478,100.0,4.0,478.0,6.122376,6.122376,0.0,4.968
479,100.0,4.0,479.0,6.122376,6.122376,0.0,4.968
480,100.0,4.0,480.0,6.122376,6.122376,0.0,4.968
481,100.0,4.0,481.0,15.0,15.0,0.0,4.968
482,100.0,4.0,482.0,15.0,15.0,0.0,4.968
483,100.0,4.0,483.0,15.0,15.0,0.0,4.968
484,100.0,4.0,484.0,15.0,15.0,0.0,4.968
485,100.0,4.0,485.0,15.0,15.0,0.0,4.968
486,100.0,4.0,486.0,15.0,15.0,0.0,4.968
487,100.0,4.0,487.0,15.0,15.0,0.0,4.968
488,100.0,4.0,488.0,15.0,15.0,0.0,4.968
489,100.0,4.0,489.0,15.0,15.0,0.0,4.968
490,100.0,4.0,490.0,15.0,15.0,0.0,4.968
491,100.0,4.0,491.0,15.0,15.0,0.0,4.968
492,100.0,4.0,492.0,15.0,15.0,0.0,4.968
493,100.0,4.0,493.0,15.0,15.0,0.0,4.968
494,100.0,4.0,494.0,15.0,15.0,0.0,4.968
495,100.0,4.0,495.0,15.0,15.0,0.0,4.968
496,100.0,4.0,496.0,15.0,15.0,0.0,4.968
497,100.0,4.0,497.0,15.0,15.0,0.0,4.968
498,100.0,4.0,498.0,15.0,15.0,0.0,4.968
499,100.0,4.0,499.0,15.0,15.0,0.0,4.968
500,100.0,5.0,500.0,15.0,15.0,0.0,4.968
501,100.0,5.0,501.0,15.0,15.0,0.0,4.968
502,100.0,5.0,502.0,15.0,15.0,0.0,4.968
503,100.0,5.0,503.0,15.0,15.0,0.0,4.968
504,100.0,5.0,504.0,15.0,15.0,0.0,4.968
505,100.0,5.0,505.0,15.0,15.0,0.0,4.968
506,100.0,5.0,506.0,15.0,15.0,0.0,4.968
507,100.0,5.0,507.0,15.0,15.0,0.0,4.968
508,100.0,5.0,508.0,15.0,15.0,0.0,4.968
509,100.0,5.0,509.0,15.0,15.0,0.0,4.968
510,100.0,5.0,510.0,15.0,15.0,0.0,4.968
511,100.0,5.0,511.0,15.0,15.0,0.0,4.968
512,100.0,5.0,512.0,15.0,15.0,0.0,4.968
513,100.0,5.0,513.0,15.0,15.0,0.0,4.968
514,100.0,5.0,514.0,15.0,15.0,0.0,4.968
515,100.0,5.0,515.0,15.0,15.0,0.0,4.968
516,100.0,5.0,516.0,15.0,15.0,0.0,4.968
517,100.0,5.0,517.0,15.0,15.0,0.0,4.968
518,100.0,5.0,518.0,15.0,15.0,0.0,4.968
519,100.0,5.0,519.0,15.0,15.0,0.0,4.968
520,100.0,5.0,520.0,15.0,15.0,0.0,4.968
521,100.0,5.0,521.0,15.0,15.0,0.0,4.968
522,100.0,5.0,522.0,15.0,15.0,0.0,4.968
523,100.0,5.0,523.0,15.0,15.0,0.0,4.968
524,100.0,5.0,524.0,15.0,15.0,0.0,4.968
525,100.0,5.0,525.0,15.0,15.0,0.0,4.968
526,100.0,5.0,526.0,15.0,15.0,0.0,4.968
527,100.0,5.0,527.0,15.0,15.0,0.0,4.968
528,100.0,5.0,528.0,15.0,15.0,0.0,4.968
529,100.0,5.0,529.0,15.0,15.0,0.0,4.968
530,100.0,5.0,530.0,15.0,15.0,0.0,4.968
531,100.0,5.0,531.0,15.0,15.0,0.0,4.968
532,100.0,5.0,532.0,15.0,15.0,0.0,4.968
533,100.0,5.0,533.0,15.0,15.0,0.0,4.968
534,100.0,5.0,534.0,15.0,15.0,0.0,4.968
535,100.0,5.0,535.0,15.0,15.0,0.0,4.968
536,100.0,5.0,536.0,15.0,15.0,0.0,4.968
537,100.0,5.0,537.0,15.0,15.0,0.0,4.968
538,100.0,5.0,538.0,15.0,15.0,0.0,4.968
539,100.0,5.0,539.0,15.0,15.0,0.0,4.968
540,100.0,5.0,540.0,15.0,15.0,0.0,4.968
541,100.0,5.0,541.0,15.0,15.0,0.0,4.968
542,100.0,5.0,542.0,15.0,15.0,0.0,4.968
543,100.0,5.0,543.0,15.0,15.0,0.0,4.968
544,100.0,5.0,544.0,15.0,15.0,0.0,4.968
545,100.0,5.0,545.0,15.0,15.0,0.0,4.968
546,100.0,5.0,546.0,15.0,15.0,0.0,4.968
547,100.0,5.0,547.0,15.0,15.0,0.0,4.968
548,100.0,5.0,548.0,15.0,15.0,0.0,4.968
549,100.0,5.0,549.0,15.0,15.0,0.0,4.968
550,100.0,5.0,550.0,15.0,15.0,0.0,4.968
551,100.0,5.0,551.0,15.0,15.0,0.0,4.968
552,100.0,5.0,552.0,15.0,15.0,0.0,4.968
553,100.0,5.0,553.0,15.0,15.0,0.0,4.968
554,100.0,5.0,554.0,15.0,15.0,0.0,4.968
555,100.0,5.0,555.0,15.0,15.0,0.0,4.968
556,100.0,5.0,556.0,15.0,15.0,0.0,4.968
557,100.0,5.0,557.0,15.0,15.0,0.0,4.968
558,100.0,5.0,558.0,15.0,15.0,0.0,4.968
559,100.0,5.0,559.0,15.0,15.0,0.0,4.968
560,100.0,5.0,560.0,15.0,15.0,0.0,4.968
561,100.0,5.0,561.0,15.0,15.0,0.0,4.968
562,100.0,5.0,562.0,15.0,15.0,0.0,4.968
563,100.0,5.0,563.0,15.0,15.0,0.0,4.968
564,100.0,5.0,564.0,15.0,15.0,0.0,4.968
565,100.0,5.0,565.0,15.0,15.0,0.0,4.968
566,100.0,5.0,566.0,15.0,15.0,0.0,4.968
567,100.0,5.0,567.0,15.0,15.0,0.0,4.968
568,100.0,5.0,568.0,15.0,15.0,0.0,4.968
569,100.0,5.0,569.0,15.0,15.0,0.0,4.968
570,100.0,5.0,570.0,15.0,15.0,0.0,4.968
571,100.0,5.0,571.0,15.0,15.0,0.0,4.968
572,100.0,5.0,572.0,15.0,15.0,0.0,4.968
573,100.0,5.0,573.0,15.0,15.0,0.0,4.968
574,100.0,5.0,574.0,15.0,15.0,0.0,4.968
575,100.0,5.0,575.0,15.0,15.0,0.0,4.968
576,100.0,5.0,576.0,15.0,15.0,0.0,4.968
577,100.0,5.0,577.0,15.0,15.0,0.0,4.968
578,100.0,5.0,578.0,15.0,15.0,0.0,4.968
579,100.0,5.0,579.0,15.0,15.0,0.0,4.968
580,100.0,5.0,580.0,15.0,15.0,0.0,4.968
581,100.0,5.0,581.0,15.0,15.0,0.0,4.968
582,100.0,5.0,582.0,15.0,15.0,0.0,4.968
583,100.0,5.0,583.0,15.0,15.0,0.0,4.968
584,100.0,5.0,584.0,15.0,15.0,0.0,4.968
585,100.0,5.0,585.0,15.0,15.0,0.0,4.968
586,100.0,5.0,586.0,15.0,15.0,0.0,4.968
587,100.0,5.0,587.0,15.0,15.0,0.0,4.968
588,100.0,5.0,588.0,15.0,15.0,0.0,4.968
589,100.0,5.0,589.0,15.0,15.0,0.0,4.968
590,100.0,5.0,590.0,15.0,15.0,0.0,4.968
591,100.0,5.0,591.0,15.0,15.0,0.0,4.968
592,100.0,5.0,592.0,15.0,15.0,0.0,4.968
593,100.0,5.0,593.0,15.0,15.0,0.0,4.968
594,100.0,5.0,594.0,15.0,15.0,0.0,4.968
595,100.0,5.0,595.0,15.0,15.0,0.0,4.968
596,100.0,5.0,596.0,15.0,15.0,0.0,4.968
597,100.0,5.0,597.0,15.0,15.0,0.0,4.968
598,100.0,5.0,598.0,15.0,15.0,0.0,4.968
599,100.0,5.0,599.0,15.0,15.0,0.0,4.968
600,100.0,6.0,600.0,15.0,15.0,0.0,4.968
601,100.0,6.0,601.0,15.0,15.0,0.0,4.968
602,100.0,6.0,602.0,15.0,15.0,0.0,4.968
603,100.0,6.0,603.0,15.0,15.0,0.0,4.968
604,100.0,6.0,604.0,15.0,15.0,0.0,4.968
605,100.0,6.0,605.0,15.0,15.0,0.0,4.968
606,100.0,6.0,606.0,15.0,15.0,0.0,4.968
607,100.0,6.0,607.0,15.0,15.0,0.0,4.968
608,100.0,6.0,608.0,15.0,15.0,0.0,4.968
609,100.0,6.0,609.0,15.0,15.0,0.0,4.968
610,100.0,6.0,610.0,15.0,15.0,0.0,4.968
611,100.0,6.0,611.0,15.0,15.0,0.0,4.968
612,100.0,6.0,612.0,6.124929,6.124929,5.46875,4.968
613,100.0,6.0,613.0,6.124929,6.124929,0.0,4.968
614,100.0,6.0,614.0,6.124929,6.124929,0.0,4.968
615,100.0,6.0,615.0,6.124929,6.124929,0.0,4.968
616,100.0,6.0,616.0,6.124929,6.124929,0.0,4.968
617,100.0,6.0,617.0,6.124929,6.124929,0.0,4.968
618,100.0,6.0,618.0,6.124929,6.124929,0.0,4.968
619,100.0,6.0,619.0,6.124929,6.124929,0.0,4.968
620,100.0,6.0,620.0,6.124929,6.124929,0.0,4.968
621,100.0,6.0,621.0,6.124929,6.124929,0.0,4.968
622,100.0,6.0,622.0,6.124929,6.124929,0.0,4.968
623,100.0,6.0,623.0,15.0,15.0,0.0,4.968
624,100.0,6.0,624.0,15.0,15.0,0.0,4.968
625,100.0,6.0,625.0,15.0,15.0,0.0,4.968
626,100.0,6.0,626.0,15.0,15.0,0.0,4.968
627,100.0,6.0,627.0,15.0,15.0,0.0,4.968
628,100.0,6.0,628.0,15.0,15.0,0.0,4.968
629,100.0,6.0,629.0,15.0,15.0,0.0,4.968
630,100.0,6.0,630.0,15.0,15.0,0.0,4.968
631,100.0,6.0,631.0,15.0,15.0,0.0,4.968
632,100.0,6.0,632.0,15.0,15.0,0.0,4.968
633,100.0,6.0,633.0,15.0,15.0,0.0,4.968
634,100.0,6.0,634.0,15.0,15.0,0.0,4.968
635,100.0,6.0,635.0,15.0,15.0,0.0,4.968
636,100.0,6.0,636.0,15.0,15.0,0.0,4.968
637,100.0,6.0,637.0,15.0,15.0,0.0,4.968
638,100.0,6.0,638.0,15.0,15.0,0.0,4.968
639,100.0,6.0,639.0,15.0,15.0,0.0,4.968
640,100.0,6.0,640.0,15.0,15.0,0.0,4.968
641,100.0,6.0,641.0,15.0,15.0,0.0,4.968
642,100.0,6.0,642.0,15.0,15.0,0.0,4.968
643,100.0,6.0,643.0,15.0,15.0,0.0,4.968
644,100.0,6.0,644.0,15.0,15.0,0.0,4.968
645,100.0,6.0,645.0,15.0,15.0,0.0,4.968
646,100.0,6.0,646.0,15.0,15.0,0.0,4.968
647,100.0,6.0,647.0,15.0,15.0,0.0,4.968
648,100.0,6.0,648.0,15.0,15.0,0.0,4.968
649,100.0,6.0,649.0,15.0,15.0,0.0,4.968
650,100.0,6.0,650.0,15.0,15.0,0.0,4.968
651,100.0,6.0,651.0,15.0,15.0,0.0,4.968
652,100.0,6.0,652.0,15.0,15.0,0.0,4.968
653,100.0,6.0,653.0,15.0,15.0,0.0,4.968
654,100.0,6.0,654.0,15.0,15.0,0.0,4.968
655,100.0,6.0,655.0,15.0,15.0,0.0,4.968
656,100.0,6.0,656.0,15.0,15.0,0.0,4.968
657,100.0,6.0,657.0,15.0,15.0,0.0,4.968
658,100.0,6.0,658.0,15.0,15.0,0.0,4.968
659,100.0,6.0,659.0,15.0,15.0,0.0,4.968
660,100.0,6.0,660.0,15.0,15.0,0.0,4.968
661,100.0,6.0,661.0,15.0,15.0,0.0,4.968
662,100.0,6.0,662.0,15.0,15.0,0.0,4.968
663,100.0,6.0,663.0,15.0,15.0,0.0,4.968
664,100.0,6.0,664.0,15.0,15.0,0.0,4.968
665,100.0,6.0,665.0,15.0,15.0,0.0,4.968
666,100.0,6.0,666.0,15.0,15.0,0.0,4.968
667,100.0,6.0,667.0,15.0,15.0,0.0,4.968
668,100.0,6.0,668.0,15.0,15.0,0.0,4.968
669,100.0,6.0,669.0,15.0,15.0,0.0,4.968
670,100.0,6.0,670.0,15.0,15.0,0.0,4.968
671,100.0,6.0,671.0,15.0,15.0,0.0,4.968
672,100.0,6.0,672.0,15.0,15.0,0.0,4.968
673,100.0,6.0,673.0,15.0,15.0,0.0,4.968
674,100.0,6.0,674.0,15.0,15.0,0.0,4.968
675,100.0,6.0,675.0,15.0,15.0,0.0,4.968
676,100.0,6.0,676.0,15.0,15.0,0.0,4.968
677,100.0,6.0,677.0,15.0,15.0,0.0,4.968
678,100.0,6.0,678.0,15.0,15.0,0.0,4.968
679,100.0,6.0,679.0,15.0,15.0,0.0,4.968
680,100.0,6.0,680.0,15.0,15.0,0.0,4.968
681,100.0,6.0,681.0,15.0,15.0,0.0,4.968
682,100.0,6.0,682.0,15.0,15.0,0.0,4.968
683,100.0,6.0,683.0,15.0,15.0,0.0,4.968
684,100.0,6.0,684.0,15.0,15.0,0.0,4.968
685,100.0,6.0,685.0,15.0,15.0,0.0,4.968
686,100.0,6.0,686.0,15.0,15.0,0.0,4.968
687,100.0,6.0,687.0,15.0,15.0,0.0,4.968
688,100.0,6.0,688.0,15.0,15.0,0.0,4.968
689,100.0,6.0,689.0,15.0,15.0,0.0,4.968
690,100.0,6.0,690.0,15.0,15.0,0.0,4.968
691,100.0,6.0,691.0,15.0,15.0,0.0,4.968
692,100.0,6.0,692.0,15.0,15.0,0.0,4.968
693,100.0,6.0,693.0,15.0,15.0,0.0,4.968
694,100.0,6.0,694.0,15.0,15.0,0.0,4.968
695,100.0,6.0,695.0,15.0,15.0,0.0,4.968
696,100.0,6.0,696.0,15.0,15.0,0.0,4.968
697,100.0,6.0,697.0,15.0,15.0,0.0,4.968
698,100.0,6.0,698.0,15.0,15.0,0.0,4.968
699,100.0,6.0,699.0,15.0,15.0,0.0,4.968
700,100.0,7.0,700.0,15.0,15.0,0.0,4.968
701,100.0,7.0,701.0,15.0,15.0,0.0,4.968
702,100.0,7.0,702.0,15.0,15.0,0.0,4.968
703,100.0,7.0,703.0,15.0,15.0,0.0,4.968
704,100.0,7.0,704.0,15.0,15.0,0.0,4.968
705,100.0,7.0,705.0,15.0,15.0,0.0,4.968
706,100.0,7.0,706.0,15.0,15.0,0.0,4.968
707,100.0,7.0,707.0,15.0,15.0,0.0,4.968
708,100.0,7.0,708.0,15.0,15.0,0.0,4.968
709,100.0,7.0,709.0,15.0,15.0,0.0,4.968
710,100.0,7.0,710.0,15.0,15.0,0.0,4.968
711,100.0,7.0,711.0,15.0,15.0,0.0,4.968
712,100.0,7.0,712.0,15.0,15.0,0.0,4.968
713,100.0,7.0,713.0,15.0,15.0,0.0,4.968
714,100.0,7.0,714.0,15.0,15.0,0.0,4.968
715,100.0,7.0,715.0,15.0,15.0,0.0,4.968
716,100.0,7.0,716.0,15.0,15.0,0.0,4.968
717,100.0,7.0,717.0,15.0,15.0,0.0,4.968
718,100.0,7.0,718.0,15.0,15.0,0.0,4.968
719,100.0,7.0,719.0,15.0,15.0,0.0,4.968
720,100.0,7.0,720.0,15.0,15.0,0.0,4.968
721,100.0,7.0,721.0,15.0,15.0,0.0,4.968
722,100.0,7.0,722.0,15.0,15.0,0.0,4.968
723,100.0,7.0,723.0,15.0,15.0,0.0,4.968
724,100.0,7.0,724.0,15.0,15.0,0.0,4.968
725,100.0,7.0,725.0,15.0,15.0,0.0,4.968
726,100.0,7.0,726.0,15.0,15.0,0.0,4.968
727,100.0,7.0,727.0,15.0,15.0,0.0,4.968
728,100.0,7.0,728.0,15.0,15.0,0.0,4.968
729,100.0,7.0,729.0,15.0,15.0,0.0,4.968
730,100.0,7.0,730.0,15.0,15.0,0.0,4.968
731,100.0,7.0,731.0,15.0,15.0,0.0,4.968
732,100.0,7.0,732.0,15.0,15.0,0.0,4.968
733,100.0,7.0,733.0,15.0,15.0,0.0,4.968
734,100.0,7.0,734.0,15.0,15.0,0.0,4.968
735,100.0,7.0,735.0,15.0,15.0,0.0,4.968
736,100.0,7.0,736.0,15.0,15.0,0.0,4.968
737,100.0,7.0,737.0,15.0,15.0,0.0,4.968
738,100.0,7.0,738.0,15.0,15.0,0.0,4.968
739,100.0,7.0,739.0,15.0,15.0,0.0,4.968
740,100.0,7.0,740.0,15.0,15.0,0.0,4.968
741,100.0,7.0,741.0,15.0,15.0,0.0,4.968
742,100.0,7.0,742.0,15.0,15.0,0.0,4.968
743,100.0,7.0,743.0,15.0,15.0,9.1796875,4.968
744,100.0,7.0,744.0,15.0,15.0,6.73828125,4.968
745,100.0,7.0,745.0,15.0,15.0,0.0,4.968
746,100.0,7.0,746.0,15.0,15.0,0.0,4.968
747,100.0,7.0,747.0,15.0,15.0,8.69140625,4.968
748,100.0,7.0,748.0,15.0,15.0,0.0,4.968
749,100.0,7.0,749.0,15.0,15.0,0.0,4.968
750,100.0,7.0,750.0,15.0,15.0,0.0,4.968
751,100.0,7.0,751.0,15.0,15.0,0.0,4.968
752,100.0,7.0,752.0,15.0,15.0,0.0,4.968
753,100.0,7.0,753.0,15.0,15.0,0.0,4.968
754,100.0,7.0,754.0,15.0,15.0,0.0,4.968
755,100.0,7.0,755.0,15.0,15.0,0.0,4.968
756,100.0,7.0,756.0,15.0,15.0,0.0,4.968
757,100.0,7.0,757.0,15.0,15.0,0.0,4.968
758,100.0,7.0,758.0,15.0,15.0,0.0,4.968
759,100.0,7.0,759.0,15.0,15.0,0.0,4.968
760,100.0,7.0,760.0,15.0,15.0,0.0,4.968
761,100.0,7.0,761.0,15.0,15.0,0.0,4.968
762,100.0,7.0,762.0,15.0,15.0,0.0,4.968
763,100.0,7.0,763.0,15.0,15.0,0.0,4.968
764,100.0,7.0,764.0,15.0,15.0,0.0,4.968
765,100.0,7.0,765.0,15.0,15.0,0.0,4.968
766,100.0,7.0,766.0,15.0,15.0,0.0,4.968
767,100.0,7.0,767.0,15.0,15.0,0.0,4.968
768,100.0,7.0,768.0,15.0,15.0,0.0,4.968
769,100.0,7.0,769.0,15.0,15.0,0.0,4.968
770,100.0,7.0,770.0,15.0,15.0,0.0,4.968
771,100.0,7.0,771.0,15.0,15.0,0.0,4.968
772,100.0,7.0,772.0,15.0,15.0,0.0,4.968
773,100.0,7.0,773.0,15.0,15.0,0.0,4.968
774,100.0,7.0,774.0,15.0,15.0,0.0,4.968
775,100.0,7.0,775.0,15.0,15.0,0.0,4.968
776,100.0,7.0,776.0,15.0,15.0,0.0,4.968
777,100.0,7.0,777.0,15.0,15.0,0.0,4.968
778,100.0,7.0,778.0,15.0,15.0,0.0,4.968
779,100.0,7.0,779.0,15.0,15.0,0.0,4.968
780,100.0,7.0,780.0,15.0,15.0,0.0,4.968
781,100.0,7.0,781.0,15.0,15.0,0.0,4.968
782,100.0,7.0,782.0,15.0,15.0,0.0,4.968
783,100.0,7.0,783.0,15.0,15.0,0.0,4.968
784,100.0,7.0,784.0,15.0,15.0,0.0,4.968
785,100.0,7.0,785.0,15.0,15.0,0.0,4.968
786,100.0,7.0,786.0,15.0,15.0,0.0,4.968
787,100.0,7.0,787.0,15.0,15.0,0.0,4.968
788,100.0,7.0,788.0,15.0,15.0,0.0,4.968
789,100.0,7.0,789.0,15.0,15.0,0.0,4.968
790,100.0,7.0,790.0,15.0,15.0,0.0,4.968
791,100.0,7.0,791.0,15.0,15.0,0.0,4.968
792,100.0,7.0,792.0,15.0,15.0,0.0,4.968
793,100.0,7.0,793.0,15.0,15.0,0.0,4.968
794,100.0,7.0,794.0,15.0,15.0,0.0,4.968
795,100.0,7.0,795.0,15.0,15.0,0.0,4.968
796,100.0,7.0,796.0,15.0,15.0,0.0,4.968
797,100.0,7.0,797.0,15.0,15.0,0.0,4.968
798,100.0,7.0,798.0,15.0,15.0,0.0,4.968
799,100.0,7.0,799.0,15.0,15.0,0.0,4.968
800,100.0,8.0,800.0,15.0,15.0,0.0,4.968
801,100.0,8.0,801.0,15.0,15.0,0.0,4.968
802,100.0,8.0,802.0,15.0,15.0,0.0,4.968
803,100.0,8.0,803.0,15.0,15.0,0.0,4.968
804,100.0,8.0,804.0,15.0,15.0,0.0,4.968
805,100.0,8.0,805.0,15.0,15.0,0.0,4.968
806,100.0,8.0,806.0,15.0,15.0,0.0,4.968
807,100.0,8.0,807.0,15.0,15.0,0.0,4.968
808,100.0,8.0,808.0,15.0,15.0,0.0,4.968
809,100.0,8.0,809.0,15.0,15.0,0.0,4.968
810,100.0,8.0,810.0,15.0,15.0,0.0,4.968
811,100.0,8.0,811.0,15.0,15.0,0.0,4.968
812,100.0,8.0,812.0,15.0,15.0,0.0,4.968
813,100.0,8.0,813.0,15.0,15.0,0.0,4.968
814,100.0,8.0,814.0,15.0,15.0,0.0,4.968
815,100.0,8.0,815.0,15.0,15.0,0.0,4.968
816,100.0,8.0,816.0,15.0,15.0,0.0,4.968
817,100.0,8.0,817.0,15.0,15.0,0.0,4.968
818,100.0,8.0,818.0,15.0,15.0,0.0,4.968
819,100.0,8.0,819.0,15.0,15.0,0.0,4.968
820,100.0,8.0,820.0,15.0,15.0,0.0,4.968
821,100.0,8.0,821.0,15.0,15.0,0.0,4.968
822,100.0,8.0,822.0,15.0,15.0,0.0,4.968
823,100.0,8.0,823.0,15.0,15.0,0.0,4.968
824,100.0,8.0,824.0,15.0,15.0,0.0,4.968
825,100.0,8.0,825.0,15.0,15.0,0.0,4.968
826,100.0,8.0,826.0,15.0,15.0,0.0,4.968
827,100.0,8.0,827.0,15.0,15.0,0.0,4.968
828,100.0,8.0,828.0,15.0,15.0,0.0,4.968
829,100.0,8.0,829.0,15.0,15.0,0.0,4.968
830,100.0,8.0,830.0,15.0,15.0,0.0,4.968
831,100.0,8.0,831.0,15.0,15.0,0.0,4.968
832,100.0,8.0,832.0,15.0,15.0,0.0,4.968
833,100.0,8.0,833.0,15.0,15.0,0.0,4.968
834,100.0,8.0,834.0,15.0,15.0,0.0,4.968
835,100.0,8.0,835.0,15.0,15.0,0.0,4.968
836,100.0,8.0,836.0,15.0,15.0,0.0,4.968
837,100.0,8.0,837.0,15.0,15.0,0.0,4.968
838,100.0,8.0,838.0,15.0,15.0,0.0,4.968
839,100.0,8.0,839.0,15.0,15.0,0.0,4.968
840,100.0,8.0,840.0,15.0,15.0,0.0,4.968
841,100.0,8.0,841.0,15.0,15.0,0.0,4.968
842,100.0,8.0,842.0,15.0,15.0,0.0,4.968
843,100.0,8.0,843.0,15.0,15.0,0.0,4.968
844,100.0,8.0,844.0,15.0,15.0,0.0,4.968
845,100.0,8.0,845.0,15.0,15.0,0.0,4.968
846,100.0,8.0,846.0,15.0,15.0,0.0,4.968
847,100.0,8.0,847.0,15.0,15.0,0.0,4.968
848,100.0,8.0,848.0,15.0,15.0,0.0,4.968
849,100.0,8.0,849.0,15.0,15.0,0.0,4.968
850,100.0,8.0,850.0,15.0,15.0,0.0,4.968
851,100.0,8.0,851.0,15.0,15.0,0.0,4.968
852,100.0,8.0,852.0,15.0,15.0,0.0,4.968
853,100.0,8.0,853.0,15.0,15.0,0.0,4.968
854,100.0,8.0,854.0,15.0,15.0,0.0,4.968
855,100.0,8.0,855.0,15.0,15.0,0.0,4.968
856,100.0,8.0,856.0,15.0,15.0,0.0,4.968
857,100.0,8.0,857.0,15.0,15.0,0.0,4.968
858,100.0,8.0,858.0,15.0,15.0,0.0,4.968
859,100.0,8.0,859.0,15.0,15.0,0.0,4.968
860,100.0,8.0,860.0,15.0,15.0,0.0,4.968
861,100.0,8.0,861.0,15.0,15.0,0.0,4.968
862,100.0,8.0,862.0,15.0,15.0,0.0,4.968
863,100.0,8.0,863.0,15.0,15.0,0.0,4.968
864,100.0,8.0,864.0,15.0,15.0,0.0,4.968
865,100.0,8.0,865.0,15.0,15.0,0.0,4.968
866,100.0,8.0,866.0,15.0,15.0,0.0,4.968
867,100.0,8.0,867.0,15.0,15.0,0.0,4.968
868,100.0,8.0,868.0,15.0,15.0,0.0,4.968
869,100.0,8.0,869.0,15.0,15.0,0.0,4.968
870,100.0,8.0,870.0,15.0,15.0,0.0,4.968
871,100.0,8.0,871.0,15.0,15.0,0.0,4.968
872,100.0,8.0,872.0,15.0,15.0,0.0,4.968
873,100.0,8.0,873.0,15.0,15.0,0.0,4.968
874,100.0,8.0,874.0,15.0,15.0,0.0,4.968
875,100.0,8.0,875.0,15.0,15.0,0.0,4.968
876,100.0,8.0,876.0,15.0,15.0,0.0,4.968
877,100.0,8.0,877.0,15.0,15.0,0.0,4.968
878,100.0,8.0,878.0,15.0,15.0,0.0,4.968
879,100.0,8.0,879.0,15.0,15.0,0.0,4.968
880,100.0,8.0,880.0,15.0,15.0,0.0,4.968
881,100.0,8.0,881.0,15.0,15.0,0.0,4.968
882,100.0,8.0,882.0,15.0,15.0,0.0,4.968
883,100.0,8.0,883.0,15.0,15.0,0.0,4.968
884,100.0,8.0,884.0,15.0,15.0,0.0,4.968
885,100.0,8.0,885.0,15.0,15.0,0.0,4.968
886,100.0,8.0,886.0,15.0,15.0,0.0,4.968
887,100.0,8.0,887.0,15.0,15.0,0.0,4.968
888,100.0,8.0,888.0,15.0,15.0,0.0,4.968
889,100.0,8.0,889.0,15.0,15.0,0.0,4.968
890,100.0,8.0,890.0,15.0,15.0,0.0,4.968
891,100.0,8.0,891.0,15.0,15.0,0.0,4.968
892,100.0,8.0,892.0,15.0,15.0,0.0,4.968
893,100.0,8.0,893.0,15.0,15.0,0.0,4.968
894,100.0,8.0,894.0,15.0,15.0,0.0,4.968
895,100.0,8.0,895.0,15.0,15.0,0.0,4.968
896,100.0,8.0,896.0,15.0,15.0,0.0,4.968
897,100.0,8.0,897.0,15.0,15.0,0.0,4.968
898,100.0,8.0,898.0,15.0,15.0,0.0,4.968
899,100.0,8.0,899.0,6.127765,6.127765,5.2734375,4.968
900,100.0,9.0,900.0,6.127765,6.127765,0.0,4.968
901,100.0,9.0,901.0,6.127765,6.127765,0.0,4.968
902,100.0,9.0,902.0,6.127765,6.127765,0.0,4.968
903,100.0,9.0,903.0,6.127765,6.127765,0.0,4.968
904,100.0,9.0,904.0,6.127765,6.127765,0.0,4.968
905,100.0,9.0,905.0,6.127765,6.127765,0.0,4.968
906,100.0,9.0,906.0,6.127765,6.127765,0.0,4.968
907,100.0,9.0,907.0,6.127765,6.127765,0.0,4.968
908,100.0,9.0,908.0,6.127765,6.127765,0.0,4.968
909,100.0,9.0,909.0,6.127765,6.127765,0.0,4.968
910,100.0,9.0,910.0,15.0,15.0,0.0,4.968
911,100.0,9.0,911.0,15.0,15.0,0.0,4.968
912,100.0,9.0,912.0,15.0,15.0,0.0,4.968
913,100.0,9.0,913.0,15.0,15.0,0.0,4.968
914,100.0,9.0,914.0,15.0,15.0,0.0,4.968
915,100.0,9.0,915.0,15.0,15.0,0.0,4.968
916,100.0,9.0,916.0,15.0,15.0,0.0,4.968
917,100.0,9.0,917.0,15.0,15.0,0.0,4.968
918,100.0,9.0,918.0,15.0,15.0,0.0,4.968
919,100.0,9.0,919.0,15.0,15.0,0.0,4.968
920,100.0,9.0,920.0,15.0,15.0,0.0,4.968
921,100.0,9.0,921.0,15.0,15.0,0.0,4.968
922,100.0,9.0,922.0,15.0,15.0,0.0,4.968
923,100.0,9.0,923.0,15.0,15.0,0.0,4.968
924,100.0,9.0,924.0,15.0,15.0,0.0,4.968
925,100.0,9.0,925.0,15.0,15.0,0.0,4.968
926,100.0,9.0,926.0,15.0,15.0,0.0,4.968
927,100.0,9.0,927.0,15.0,15.0,0.0,4.968
928,100.0,9.0,928.0,15.0,15.0,0.0,4.968
929,100.0,9.0,929.0,15.0,15.0,0.0,4.968
930,100.0,9.0,930.0,15.0,15.0,0.0,4.968
931,100.0,9.0,931.0,15.0,15.0,0.0,4.968
932,100.0,9.0,932.0,15.0,15.0,0.0,4.968
933,100.0,9.0,933.0,15.0,15.0,0.0,4.968
934,100.0,9.0,934.0,15.0,15.0,0.0,4.968
935,100.0,9.0,935.0,15.0,15.0,0.0,4.968
936,100.0,9.0,936.0,15.0,15.0,0.0,4.968
937,100.0,9.0,937.0,15.0,15.0,0.0,4.968
938,100.0,9.0,938.0,15.0,15.0,0.0,4.968
939,100.0,9.0,939.0,15.0,15.0,0.0,4.968
940,100.0,9.0,940.0,15.0,15.0,0.0,4.968
941,100.0,9.0,941.0,15.0,15.0,0.0,4.968
942,100.0,9.0,942.0,15.0,15.0,0.0,4.968
943,100.0,9.0,943.0,15.0,15.0,0.0,4.968
944,100.0,9.0,944.0,15.0,15.0,0.0,4.968
945,100.0,9.0,945.0,15.0,15.0,0.0,4.968
946,100.0,9.0,946.0,15.0,15.0,0.0,4.968
947,100.0,9.0,947.0,15.0,15.0,0.0,4.968
948,100.0,9.0,948.0,15.0,15.0,0.0,4.968
949,100.0,9.0,949.0,15.0,15.0,0.0,4.968
950,100.0,9.0,950.0,15.0,15.0,0.0,4.968
951,100.0,9.0,951.0,15.0,15.0,0.0,4.968
952,100.0,9.0,952.0,15.0,15.0,0.0,4.968
953,100.0,9.0,953.0,15.0,15.0,0.0,4.968
954,100.0,9.0,954.0,15.0,15.0,0.0,4.968
955,100.0,9.0,955.0,15.0,15.0,0.0,4.968
956,100.0,9.0,956.0,15.0,15.0,0.0,4.968
957,100.0,9.0,957.0,15.0,15.0,0.0,4.968
958,100.0,9.0,958.0,15.0,15.0,0.0,4.968
959,100.0,9.0,959.0,15.0,15.0,0.0,4.968
960,100.0,9.0,960.0,15.0,15.0,0.0,4.968
961,100.0,9.0,961.0,15.0,15.0,0.0,4.968
962,100.0,9.0,962.0,15.0,15.0,0.0,4.968
963,100.0,9.0,963.0,15.0,15.0,0.0,4.968
964,100.0,9.0,964.0,15.0,15.0,0.0,4.968
965,100.0,9.0,965.0,15.0,15.0,0.0,4.968
966,100.0,9.0,966.0,15.0,15.0,0.0,4.968
967,100.0,9.0,967.0,15.0,15.0,0.0,4.968
968,100.0,9.0,968.0,15.0,15.0,0.0,4.968
969,100.0,9.0,969.0,15.0,15.0,0.0,4.968
970,100.0,9.0,970.0,15.0,15.0,0.0,4.968
971,100.0,9.0,971.0,15.0,15.0,0.0,4.968
972,100.0,9.0,972.0,15.0,15.0,0.0,4.968
973,100.0,9.0,973.0,15.0,15.0,0.0,4.968
974,100.0,9.0,974.0,15.0,15.0,0.0,4.968
975,100.0,9.0,975.0,15.0,15.0,0.0,4.968
976,100.0,9.0,976.0,15.0,15.0,0.0,4.968
977,100.0,9.0,977.0,15.0,15.0,0.0,4.968
978,100.0,9.0,978.0,15.0,15.0,0.0,4.968
979,100.0,9.0,979.0,15.0,15.0,0.0,4.968
980,100.0,9.0,980.0,15.0,15.0,0.0,4.968
981,100.0,9.0,981.0,15.0,15.0,0.0,4.968
982,100.0,9.0,982.0,15.0,15.0,0.0,4.968
983,100.0,9.0,983.0,15.0,15.0,0.0,4.968
984,100.0,9.0,984.0,15.0,15.0,0.0,4.968
985,100.0,9.0,985.0,15.0,15.0,0.0,4.968
986,100.0,9.0,986.0,15.0,15.0,0.0,4.968
987,100.0,9.0,987.0,15.0,15.0,0.0,4.968
988,100.0,9.0,988.0,15.0,15.0,0.0,4.968
989,100.0,9.0,989.0,15.0,15.0,0.0,4.968
990,100.0,9.0,990.0,15.0,15.0,0.0,4.968
991,100.0,9.0,991.0,15.0,15.0,0.0,4.968
992,100.0,9.0,992.0,15.0,15.0,0.0,4.968
993,100.0,9.0,993.0,15.0,15.0,0.0,4.968
994,100.0,9.0,994.0,15.0,15.0,0.0,4.968
995,100.0,9.0,995.0,15.0,15.0,0.0,4.968
996,100.0,9.0,996.0,15.0,15.0,0.0,4.968
997,100.0,9.0,997.0,15.0,15.0,0.0,4.968
998,100.0,9.0,998.0,15.0,15.0,0.0,4.968
999,100.0,9.0,999.0,15.0,15.0,0.0,4.968
1000,100.0,10.0,1000.0,15.0,15.0,0.0,4.968
1001,100.0,10.0,1001.0,15.0,15.0,0.0,4.968
1002,100.0,10.0,1002.0,15.0,15.0,0.0,4.968
1003,100.0,10.0,1003.0,15.0,15.0,0.0,4.968
1004,100.0,10.0,1004.0,15.0,15.0,0.0,4.968
1005,100.0,10.0,1005.0,15.0,15.0,0.0,4.968
1006,100.0,10.0,1006.0,15.0,15.0,0.0,4.968
1007,100.0,10.0,1007.0,15.0,15.0,0.0,4.968
1008,100.0,10.0,1008.0,15.0,15.0,0.0,4.968
1009,100.0,10.0,1009.0,15.0,15.0,0.0,4.968
1010,100.0,10.0,1010.0,15.0,15.0,0.0,4.968
1011,100.0,10.0,1011.0,15.0,15.0,0.0,4.968
1012,100.0,10.0,1012.0,15.0,15.0,0.0,4.968
1013,100.0,10.0,1013.0,15.0,15.0,0.0,4.968
1014,100.0,10.0,1014.0,15.0,15.0,0.0,4.968
1015,100.0,10.0,1015.0,15.0,15.0,0.0,4.968
1016,100.0,10.0,1016.0,15.0,15.0,0.0,4.968
1017,100.0,10.0,1017.0,15.0,15.0,0.0,4.968
1018,100.0,10.0,1018.0,15.0,15.0,0.0,4.968
1019,100.0,10.0,1019.0,15.0,15.0,0.0,4.968
1020,100.0,10.0,1020.0,15.0,15.0,0.0,4.968
1021,100.0,10.0,1021.0,15.0,15.0,0.0,4.968
1022,100.0,10.0,1022.0,15.0,15.0,0.0,4.968
1023,100.0,10.0,1023.0,15.0,15.0,0.0,4.968
1024,100.0,10.0,1024.0,15.0,15.0,0.0,4.968
1025,100.0,10.0,1025.0,15.0,15.0,0.0,4.968
1026,100.0,10.0,1026.0,15.0,15.0,0.0,4.968
1027,100.0,10.0,1027.0,15.0,15.0,0.0,4.968
1028,100.0,10.0,1028.0,15.0,15.0,0.0,4.968
1029,100.0,10.0,1029.0,15.0,15.0,0.0,4.968
1030,100.0,10.0,1030.0,15.0,15.0,0.0,4.968
1031,100.0,10.0,1031.0,15.0,15.0,0.0,4.968
1032,100.0,10.0,1032.0,15.0,15.0,0.0,4.968
1033,100.0,10.0,1033.0,15.0,15.0,0.0,4.968
1034,100.0,10.0,1034.0,15.0,15.0,0.0,4.968
1035,100.0,10.0,1035.0,15.0,15.0,0.0,4.968
1036,100.0,10.0,1036.0,15.0,15.0,0.0,4.968
1037,100.0,10.0,1037.0,15.0,15.0,0.0,4.968
1038,100.0,10.0,1038.0,15.0,15.0,0.0,4.968
1039,100.0,10.0,1039.0,15.0,15.0,0.0,4.968
1040,100.0,10.0,1040.0,15.0,15.0,0.0,4.968
1041,100.0,10.0,1041.0,15.0,15.0,0.0,4.968
1042,100.0,10.0,1042.0,15.0,15.0,0.0,4.968
1043,100.0,10.0,1043.0,15.0,15.0,0.0,4.968
1044,100.0,10.0,1044.0,15.0,15.0,0.0,4.968
1045,100.0,10.0,1045.0,15.0,15.0,0.0,4.968
1046,100.0,10.0,1046.0,15.0,15.0,0.0,4.968
1047,100.0,10.0,1047.0,15.0,15.0,0.0,4.968
1048,100.0,10.0,1048.0,15.0,15.0,0.0,4.968
1049,100.0,10.0,1049.0,15.0,15.0,0.0,4.968
1050,100.0,10.0,1050.0,15.0,15.0,0.0,4.968
1051,100.0,10.0,1051.0,15.0,15.0,0.0,4.968
1052,100.0,10.0,1052.0,15.0,15.0,0.0,4.968
1053,100.0,10.0,1053.0,15.0,15.0,0.0,4.968
1054,100.0,10.0,1054.0,15.0,15.0,0.0,4.968
1055,100.0,10.0,1055.0,15.0,15.0,0.0,4.968
1056,100.0,10.0,1056.0,15.0,15.0,0.0,4.968
1057,100.0,10.0,1057.0,15.0,15.0,0.0,4.968
1058,100.0,10.0,1058.0,15.0,15.0,0.0,4.968
1059,100.0,10.0,1059.0,15.0,15.0,0.0,4.968
1060,100.0,10.0,1060.0,15.0,15.0,0.0,4.968
1061,100.0,10.0,1061.0,15.0,15.0,0.0,4.968
1062,100.0,10.0,1062.0,15.0,15.0,0.0,4.968
1063,100.0,10.0,1063.0,15.0,15.0,0.0,4.968
1064,100.0,10.0,1064.0,15.0,15.0,0.0,4.968
1065,100.0,10.0,1065.0,15.0,15.0,0.0,4.968
1066,100.0,10.0,1066.0,15.0,15.0,0.0,4.968
1067,100.0,10.0,1067.0,15.0,15.0,0.0,4.968
1068,100.0,10.0,1068.0,15.0,15.0,0.0,4.968
1069,100.0,10.0,1069.0,15.0,15.0,0.0,4.968
1070,100.0,10.0,1070.0,15.0,15.0,0.0,4.968
1071,100.0,10.0,1071.0,15.0,15.0,0.0,4.968
1072,100.0,10.0,1072.0,15.0,15.0,0.0,4.968
1073,100.0,10.0,1073.0,15.0,15.0,0.0,4.968
1074,100.0,10.0,1074.0,15.0,15.0,0.0,4.968
1075,100.0,10.0,1075.0,15.0,15.0,0.0,4.968
1076,100.0,10.0,1076.0,15.0,15.0,0.0,4.968
1077,100.0,10.0,1077.0,15.0,15.0,0.0,4.968
1078,100.0,10.0,1078.0,15.0,15.0,0.0,4.968
1079,100.0,10.0,1079.0,15.0,15.0,0.0,4.968
1080,100.0,10.0,1080.0,15.0,15.0,0.0,4.968
1081,100.0,10.0,1081.0,15.0,15.0,0.0,4.968
1082,100.0,10.0,1082.0,15.0,15.0,0.0,4.968
1083,100.0,10.0,1083.0,15.0,15.0,0.0,4.968
1084,100.0,10.0,1084.0,15.0,15.0,0.0,4.968
1085,100.0,10.0,1085.0,15.0,15.0,0.0,4.968
1086,100.0,10.0,1086.0,15.0,15.0,0.0,4.968
1087,100.0,10.0,1087.0,15.0,15.0,0.0,4.968
1088,100.0,10.0,1088.0,15.0,15.0,0.0,4.968
1089,100.0,10.0,1089.0,15.0,15.0,0.0,4.968
1090,100.0,10.0,1090.0,15.0,15.0,0.0,4.968
1091,100.0,10.0,1091.0,15.0,15.0,0.0,4.968
1092,100.0,10.0,1092.0,15.0,15.0,0.0,4.968
1093,100.0,10.0,1093.0,15.0,15.0,0.0,4.968
1094,100.0,10.0,1094.0,15.0,15.0,0.0,4.968
1095,100.0,10.0,1095.0,15.0,15.0,0.0,4.968
1096,100.0,10.0,1096.0,15.0,15.0,0.0,4.968
1097,100.0,10.0,1097.0,15.0,15.0,0.0,4.968
1098,100.0,10.0,1098.0,15.0,15.0,0.0,4.968
1099,100.0,10.0,1099.0,15.0,15.0,0.0,4.968
1100,100.0,11.0,1100.0,15.0,15.0,0.0,4.968
1101,100.0,11.0,1101.0,15.0,15.0,0.0,4.968
1102,100.0,11.0,1102.0,15.0,15.0,0.0,4.968
1103,100.0,11.0,1103.0,15.0,15.0,0.0,4.968
1104,100.0,11.0,1104.0,15.0,15.0,0.0,4.968
1105,100.0,11.0,1105.0,15.0,15.0,0.0,4.968
1106,100.0,11.0,1106.0,15.0,15.0,0.0,4.968
1107,100.0,11.0,1107.0,15.0,15.0,0.0,4.968
1108,100.0,11.0,1108.0,15.0,15.0,0.0,4.968
1109,100.0,11.0,1109.0,15.0,15.0,0.0,4.968
1110,100.0,11.0,1110.0,15.0,15.0,0.0,4.968
1111,100.0,11.0,1111.0,15.0,15.0,0.0,4.968
1112,100.0,11.0,1112.0,15.0,15.0,0.0,4.968
1113,100.0,11.0,1113.0,15.0,15.0,0.0,4.968
1114,100.0,11.0,1114.0,15.0,15.0,0.0,4.968
1115,100.0,11.0,1115.0,15.0,15.0,0.0,4.968
1116,100.0,11.0,1116.0,15.0,15.0,0.0,4.968
1117,100.0,11.0,1117.0,15.0,15.0,0.0,4.968
1118,100.0,11.0,1118.0,15.0,15.0,0.0,4.968
1119,100.0,11.0,1119.0,15.0,15.0,0.0,4.968
1120,100.0,11.0,1120.0,15.0,15.0,0.0,4.968
1121,100.0,11.0,1121.0,15.0,15.0,0.0,4.968
1122,100.0,11.0,1122.0,15.0,15.0,0.0,4.968
1123,100.0,11.0,1123.0,15.0,15.0,0.0,4.968
1124,100.0,11.0,1124.0,15.0,15.0,0.0,4.968
1125,100.0,11.0,1125.0,15.0,15.0,0.0,4.968
1126,100.0,11.0,1126.0,15.0,15.0,0.0,4.968
1127,100.0,11.0,1127.0,15.0,15.0,0.0,4.968
1128,100.0,11.0,1128.0,15.0,15.0,0.0,4.968
1129,100.0,11.0,1129.0,15.0,15.0,0.0,4.968
1130,100.0,11.0,1130.0,15.0,15.0,0.0,4.968
1131,100.0,11.0,1131.0,15.0,15.0,0.0,4.968
1132,100.0,11.0,1132.0,15.0,15.0,0.0,4.968
1133,100.0,11.0,1133.0,15.0,15.0,0.0,4.968
1134,100.0,11.0,1134.0,15.0,15.0,0.0,4.968
1135,100.0,11.0,1135.0,15.0,15.0,0.0,4.968
1136,100.0,11.0,1136.0,15.0,15.0,0.0,4.968
1137,100.0,11.0,1137.0,15.0,15.0,0.0,4.968
1138,100.0,11.0,1138.0,15.0,15.0,0.0,4.968
1139,100.0,11.0,1139.0,15.0,15.0,0.0,4.968
1140,100.0,11.0,1140.0,15.0,15.0,0.0,4.968
1141,100.0,11.0,1141.0,15.0,15.0,0.0,4.968
1142,100.0,11.0,1142.0,15.0,15.0,0.0,4.968
1143,100.0,11.0,1143.0,15.0,15.0,0.0,4.968
1144,100.0,11.0,1144.0,15.0,15.0,0.0,4.968
1145,100.0,11.0,1145.0,15.0,15.0,0.0,4.968
1146,100.0,11.0,1146.0,15.0,15.0,0.0,4.968
1147,100.0,11.0,1147.0,15.0,15.0,0.0,4.968
1148,100.0,11.0,1148.0,15.0,15.0,0.0,4.968
1149,100.0,11.0,1149.0,15.0,15.0,0.0,4.968
1150,100.0,11.0,1150.0,15.0,15.0,0.0,4.968
1151,100.0,11.0,1151.0,15.0,15.0,0.0,4.968
1152,100.0,11.0,1152.0,15.0,15.0,0.0,4.968
1153,100.0,11.0,1153.0,15.0,15.0,0.0,4.968
1154,100.0,11.0,1154.0,15.0,15.0,0.0,4.968
1155,100.0,11.0,1155.0,15.0,15.0,0.0,4.968
1156,100.0,11.0,1156.0,15.0,15.0,0.0,4.968
1157,100.0,11.0,1157.0,15.0,15.0,0.0,4.968
1158,100.0,11.0,1158.0,15.0,15.0,0.0,4.968
1159,100.0,11.0,1159.0,15.0,15.0,0.0,4.968
1160,100.0,11.0,1160.0,15.0,15.0,0.0,4.968
1161,100.0,11.0,1161.0,15.0,15.0,0.0,4.968
1162,100.0,11.0,1162.0,15.0,15.0,0.0,4.968
1163,100.0,11.0,1163.0,15.0,15.0,0.0,4.968
1164,100.0,11.0,1164.0,15.0,15.0,0.0,4.968
1165,100.0,11.0,1165.0,15.0,15.0,0.0,4.968
1166,100.0,11.0,1166.0,15.0,15.0,0.0,4.968
1167,100.0,11.0,1167.0,15.0,15.0,0.0,4.968
1168,100.0,11.0,1168.0,15.0,15.0,0.0,4.968
1169,100.0,11.0,1169.0,15.0,15.0,0.0,4.968
1170,100.0,11.0,1170.0,15.0,15.0,0.0,4.968
1171,100.0,11.0,1171.0,15.0,15.0,0.0,4.968
1172,100.0,11.0,1172.0,15.0,15.0,0.0,4.968
1173,100.0,11.0,1173.0,15.0,15.0,0.0,4.968
1174,100.0,11.0,1174.0,15.0,15.0,0.0,4.968
1175,100.0,11.0,1175.0,15.0,15.0,0.0,4.968
1176,100.0,11.0,1176.0,15.0,15.0,0.0,4.968
1177,100.0,11.0,1177.0,15.0,15.0,0.0,4.968
1178,100.0,11.0,1178.0,15.0,15.0,0.0,4.968
1179,100.0,11.0,1179.0,15.0,15.0,0.0,4.968
1180,100.0,11.0,1180.0,15.0,15.0,0.0,4.968
1181,100.0,11.0,1181.0,15.0,15.0,0.0,4.968
1182,100.0,11.0,1182.0,15.0,15.0,0.0,4.968
1183,100.0,11.0,1183.0,15.0,15.0,0.0,4.968
1184,100.0,11.0,1184.0,15.0,15.0,0.0,4.968
1185,100.0,11.0,1185.0,15.0,15.0,0.0,4.968
1186,100.0,11.0,1186.0,15.0,15.0,0.0,4.968
1187,100.0,11.0,1187.0,15.0,15.0,0.0,4.968
1188,100.0,11.0,1188.0,15.0,15.0,0.0,4.968
1189,100.0,11.0,1189.0,15.0,15.0,0.0,4.968
1190,100.0,11.0,1190.0,15.0,15.0,0.0,4.968
1191,100.0,11.0,1191.0,15.0,15.0,0.0,4.968
1192,100.0,11.0,1192.0,15.0,15.0,0.0,4.968
1193,100.0,11.0,1193.0,15.0,15.0,0.0,4.968
1194,100.0,11.0,1194.0,15.0,15.0,0.0,4.968
1195,100.0,11.0,1195.0,15.0,15.0,0.0,4.968
1196,100.0,11.0,1196.0,15.0,15.0,0.0,4.968
1197,100.0,11.0,1197.0,15.0,15.0,0.0,4.968
1198,100.0,11.0,1198.0,15.0,15.0,0.0,4.968
1199,100.0,11.0,1199.0,15.0,15.0,0.0,4.968
1200,100.0,12.0,1200.0,15.0,15.0,0.0,4.968
1201,100.0,12.0,1201.0,15.0,15.0,0.0,4.968
1202,100.0,12.0,1202.0,15.0,15.0,0.0,4.968
1203,100.0,12.0,1203.0,15.0,15.0,0.0,4.968
1204,100.0,12.0,1204.0,15.0,15.0,0.0,4.968
1205,100.0,12.0,1205.0,15.0,15.0,0.0,4.968
1206,100.0,12.0,1206.0,15.0,15.0,0.0,4.968
1207,100.0,12.0,1207.0,15.0,15.0,0.0,4.968
1208,100.0,12.0,1208.0,15.0,15.0,0.0,4.968
1209,100.0,12.0,1209.0,15.0,15.0,0.0,4.968
1210,100.0,12.0,1210.0,15.0,15.0,0.0,4.968
1211,100.0,12.0,1211.0,15.0,15.0,0.0,4.968
1212,100.0,12.0,1212.0,15.0,15.0,0.0,4.968
1213,100.0,12.0,1213.0,15.0,15.0,0.0,4.968
1214,100.0,12.0,1214.0,15.0,15.0,0.0,4.968
1215,100.0,12.0,1215.0,15.0,15.0,0.0,4.968
1216,100.0,12.0,1216.0,15.0,15.0,0.0,4.968
1217,100.0,12.0,1217.0,15.0,15.0,0.0,4.968
1218,100.0,12.0,1218.0,15.0,15.0,0.0,4.968
1219,100.0,12.0,1219.0,15.0,15.0,0.0,4.968
1220,100.0,12.0,1220.0,15.0,15.0,0.0,4.968
1221,100.0,12.0,1221.0,15.0,15.0,0.0,4.968
1222,100.0,12.0,1222.0,15.0,15.0,0.0,4.968
1223,100.0,12.0,1223.0,15.0,15.0,0.0,4.968
1224,100.0,12.0,1224.0,15.0,15.0,0.0,4.968
1225,100.0,12.0,1225.0,15.0,15.0,0.0,4.968
1226,100.0,12.0,1226.0,15.0,15.0,0.0,4.968
1227,100.0,12.0,1227.0,15.0,15.0,0.0,4.968
1228,100.0,12.0,1228.0,15.0,15.0,0.0,4.968
1229,100.0,12.0,1229.0,15.0,15.0,0.0,4.968
1230,100.0,12.0,1230.0,15.0,15.0,0.0,4.968
1231,100.0,12.0,1231.0,15.0,15.0,0.0,4.968
1232,100.0,12.0,1232.0,15.0,15.0,0.0,4.968
1233,100.0,12.0,1233.0,15.0,15.0,0.0,4.968
1234,100.0,12.0,1234.0,15.0,15.0,0.0,4.968
1235,100.0,12.0,1235.0,15.0,15.0,0.0,4.968
1236,100.0,12.0,1236.0,15.0,15.0,0.0,4.968
1237,100.0,12.0,1237.0,15.0,15.0,0.0,4.968
1238,100.0,12.0,1238.0,15.0,15.0,0.0,4.968
1239,100.0,12.0,1239.0,15.0,15.0,0.0,4.968
1240,100.0,12.0,1240.0,15.0,15.0,0.0,4.968
1241,100.0,12.0,1241.0,15.0,15.0,0.0,4.968
1242,100.0,12.0,1242.0,15.0,15.0,0.0,4.968
1243,100.0,12.0,1243.0,15.0,15.0,0.0,4.968
1244,100.0,12.0,1244.0,15.0,15.0,0.0,4.968
1245,100.0,12.0,1245.0,15.0,15.0,0.0,4.968
1246,100.0,12.0,1246.0,15.0,15.0,0.0,4.968
1247,100.0,12.0,1247.0,15.0,15.0,0.0,4.968
1248,100.0,12.0,1248.0,15.0,15.0,0.0,4.968
1249,100.0,12.0,1249.0,15.0,15.0,0.0,4.968
1250,100.0,12.0,1250.0,15.0,15.0,0.0,4.968
1251,100.0,12.0,1251.0,15.0,15.0,0.0,4.968
1252,100.0,12.0,1252.0,15.0,15.0,0.0,4.968
1253,100.0,12.0,1253.0,15.0,15.0,0.0,4.968
1254,100.0,12.0,1254.0,15.0,15.0,0.0,4.968
1255,100.0,12.0,1255.0,15.0,15.0,0.0,4.968
1256,100.0,12.0,1256.0,15.0,15.0,0.0,4.968
1257,100.0,12.0,1257.0,15.0,15.0,0.0,4.968
1258,100.0,12.0,1258.0,15.0,15.0,0.0,4.968
1259,100.0,12.0,1259.0,15.0,15.0,0.0,4.968
1260,100.0,12.0,1260.0,15.0,15.0,0.0,4.968
1261,100.0,12.0,1261.0,15.0,15.0,0.0,4.968
1262,100.0,12.0,1262.0,15.0,15.0,0.0,4.968
1263,100.0,12.0,1263.0,15.0,15.0,0.0,4.968
1264,100.0,12.0,1264.0,15.0,15.0,0.0,4.968
1265,100.0,12.0,1265.0,15.0,15.0,0.0,4.968
1266,100.0,12.0,1266.0,15.0,15.0,0.0,4.968
1267,100.0,12.0,1267.0,15.0,15.0,0.0,4.968
1268,100.0,12.0,1268.0,15.0,15.0,0.0,4.968
1269,100.0,12.0,1269.0,15.0,15.0,0.0,4.968
1270,100.0,12.0,1270.0,15.0,15.0,0.0,4.968
1271,100.0,12.0,1271.0,15.0,15.0,0.0,4.968
1272,100.0,12.0,1272.0,15.0,15.0,0.0,4.968
1273,100.0,12.0,1273.0,15.0,15.0,0.0,4.968
1274,100.0,12.0,1274.0,15.0,15.0,0.0,4.968
1275,100.0,12.0,1275.0,15.0,15.0,0.0,4.968
1276,100.0,12.0,1276.0,15.0,15.0,0.0,4.968
1277,100.0,12.0,1277.0,15.0,15.0,0.0,4.968
1278,100.0,12.0,1278.0,15.0,15.0,0.0,4.968
1279,100.0,12.0,1279.0,15.0,15.0,0.0,4.968
1280,100.0,12.0,1280.0,15.0,15.0,0.0,4.968
1281,100.0,12.0,1281.0,15.0,15.0,0.0,4.968
1282,100.0,12.0,1282.0,15.0,15.0,0.0,4.968
1283,100.0,12.0,1283.0,15.0,15.0,0.0,4.968
1284,100.0,12.0,1284.0,15.0,15.0,0.0,4.968
1285,100.0,12.0,1285.0,15.0,15.0,0.0,4.968
1286,100.0,12.0,1286.0,15.0,15.0,0.0,4.968
1287,100.0,12.0,1287.0,15.0,15.0,0.0,4.968
1288,100.0,12.0,1288.0,15.0,15.0,0.0,4.968
1289,100.0,12.0,1289.0,15.0,15.0,0.0,4.968
1290,100.0,12.0,1290.0,15.0,15.0,0.0,4.968
1291,100.0,12.0,1291.0,15.0,15.0,0.0,4.968
1292,100.0,12.0,1292.0,15.0,15.0,0.0,4.968
1293,100.0,12.0,1293.0,15.0,15.0,0.0,4.968
1294,100.0,12.0,1294.0,15.0,15.0,0.0,4.968
1295,100.0,12.0,1295.0,15.0,15.0,0.0,4.968
1296,100.0,12.0,1296.0,15.0,15.0,0.0,4.968
1297,100.0,12.0,1297.0,15.0,15.0,0.0,4.968
1298,100.0,12.0,1298.0,15.0,15.0,0.0,4.968
1299,100.0,12.0,1299.0,15.0,15.0,0.0,4.968
1300,100.0,13.0,1300.0,15.0,15.0,0.0,4.968
1301,100.0,13.0,1301.0,15.0,15.0,0.0,4.968
1302,100.0,13.0,1302.0,15.0,15.0,0.0,4.968
1303,100.0,13.0,1303.0,15.0,15.0,0.0,4.968
1304,100.0,13.0,1304.0,15.0,15.0,0.0,4.968
1305,100.0,13.0,1305.0,15.0,15.0,0.0,4.968
1306,100.0,13.0,1306.0,15.0,15.0,0.0,4.968
1307,100.0,13.0,1307.0,15.0,15.0,0.0,4.968
1308,100.0,13.0,1308.0,15.0,15.0,0.0,4.968
1309,100.0,13.0,1309.0,15.0,15.0,0.0,4.968
1310,100.0,13.0,1310.0,15.0,15.0,6.34765625,4.968
1311,100.0,13.0,1311.0,15.0,15.0,0.0,4.968
1312,100.0,13.0,1312.0,15.0,15.0,0.0,4.968
1313,100.0,13.0,1313.0,15.0,15.0,0.0,4.968
1314,100.0,13.0,1314.0,15.0,15.0,0.0,4.968
1315,100.0,13.0,1315.0,15.0,15.0,0.0,4.968
1316,100.0,13.0,1316.0,15.0,15.0,0.0,4.968
1317,100.0,13.0,1317.0,15.0,15.0,0.0,4.968
1318,100.0,13.0,1318.0,15.0,15.0,0.0,4.968
1319,100.0,13.0,1319.0,15.0,15.0,0.0,4.968
1320,100.0,13.0,1320.0,15.0,15.0,0.0,4.968
1321,100.0,13.0,1321.0,15.0,15.0,0.0,4.968
1322,100.0,13.0,1322.0,15.0,15.0,0.0,4.968
1323,100.0,13.0,1323.0,6.1418,6.1418,6.25,4.968
1324,100.0,13.0,1324.0,6.150258,6.150258,5.56640625,4.968
1325,100.0,13.0,1325.0,6.150258,6.150258,0.0,4.968
1326,100.0,13.0,1326.0,6.150258,6.150258,0.0,4.968
1327,100.0,13.0,1327.0,6.150258,6.150258,0.0,4.968
1328,100.0,13.0,1328.0,6.150258,6.150258,0.0,4.968
1329,100.0,13.0,1329.0,6.150258,6.150258,0.0,4.968
1330,100.0,13.0,1330.0,6.150258,6.150258,0.0,4.968
1331,100.0,13.0,1331.0,6.150258,6.150258,0.0,4.968
1332,100.0,13.0,1332.0,6.150258,6.150258,0.0,4.968
1333,100.0,13.0,1333.0,6.150258,6.150258,0.0,4.968
1334,100.0,13.0,1334.0,6.150258,6.150258,0.0,4.968
1335,100.0,13.0,1335.0,15.0,15.0,0.0,4.968
1336,100.0,13.0,1336.0,15.0,15.0,0.0,4.968
1337,100.0,13.0,1337.0,15.0,15.0,0.0,4.968
1338,100.0,13.0,1338.0,15.0,15.0,0.0,4.968
1339,100.0,13.0,1339.0,15.0,15.0,0.0,4.968
1340,100.0,13.0,1340.0,15.0,15.0,0.0,4.968
1341,100.0,13.0,1341.0,15.0,15.0,0.0,4.968
1342,100.0,13.0,1342.0,15.0,15.0,0.0,4.968
1343,100.0,13.0,1343.0,15.0,15.0,0.0,4.968
1344,100.0,13.0,1344.0,15.0,15.0,0.0,4.968
1345,100.0,13.0,1345.0,15.0,15.0,0.0,4.968
1346,100.0,13.0,1346.0,15.0,15.0,0.0,4.968
1347,100.0,13.0,1347.0,15.0,15.0,0.0,4.968
1348,100.0,13.0,1348.0,15.0,15.0,0.0,4.968
1349,100.0,13.0,1349.0,15.0,15.0,0.0,4.968
1350,100.0,13.0,1350.0,15.0,15.0,0.0,4.968
1351,100.0,13.0,1351.0,15.0,15.0,0.0,4.968
1352,100.0,13.0,1352.0,15.0,15.0,0.0,4.968
1353,100.0,13.0,1353.0,15.0,15.0,0.0,4.968
1354,100.0,13.0,1354.0,15.0,15.0,0.0,4.968
1355,100.0,13.0,1355.0,15.0,15.0,0.0,4.968
1356,100.0,13.0,1356.0,15.0,15.0,0.0,4.968
1357,100.0,13.0,1357.0,15.0,15.0,0.0,4.968
1358,100.0,13.0,1358.0,15.0,15.0,0.0,4.968
1359,100.0,13.0,1359.0,15.0,15.0,0.0,4.968
1360,100.0,13.0,1360.0,15.0,15.0,0.0,4.968
1361,100.0,13.0,1361.0,15.0,15.0,0.0,4.968
1362,100.0,13.0,1362.0,15.0,15.0,0.0,4.968
1363,100.0,13.0,1363.0,15.0,15.0,0.0,4.968
1364,100.0,13.0,1364.0,15.0,15.0,0.0,4.968
1365,100.0,13.0,1365.0,15.0,15.0,0.0,4.968
1366,100.0,13.0,1366.0,15.0,15.0,0.0,4.968
1367,100.0,13.0,1367.0,15.0,15.0,0.0,4.968
1368,100.0,13.0,1368.0,15.0,15.0,0.0,4.968
1369,100.0,13.0,1369.0,15.0,15.0,0.0,4.968
1370,100.0,13.0,1370.0,15.0,15.0,0.0,4.968
1371,100.0,13.0,1371.0,15.0,15.0,0.0,4.968
1372,100.0,13.0,1372.0,15.0,15.0,0.0,4.968
1373,100.0,13.0,1373.0,15.0,15.0,0.0,4.968
1374,100.0,13.0,1374.0,15.0,15.0,0.0,4.968
1375,100.0,13.0,1375.0,15.0,15.0,0.0,4.968
1376,100.0,13.0,1376.0,15.0,15.0,0.0,4.968
1377,100.0,13.0,1377.0,15.0,15.0,0.0,4.968
1378,100.0,13.0,1378.0,15.0,15.0,0.0,4.968
1379,100.0,13.0,1379.0,15.0,15.0,0.0,4.968
1380,100.0,13.0,1380.0,15.0,15.0,0.0,4.968
1381,100.0,13.0,1381.0,15.0,15.0,0.0,4.968
1382,100.0,13.0,1382.0,15.0,15.0,0.0,4.968
1383,100.0,13.0,1383.0,15.0,15.0,0.0,4.968
1384,100.0,13.0,1384.0,15.0,15.0,0.0,4.968
1385,100.0,13.0,1385.0,15.0,15.0,0.0,4.968
1386,100.0,13.0,1386.0,15.0,15.0,0.0,4.968
1387,100.0,13.0,1387.0,15.0,15.0,0.0,4.968
1388,100.0,13.0,1388.0,15.0,15.0,0.0,4.968
1389,100.0,13.0,1389.0,15.0,15.0,0.0,4.968
1390,100.0,13.0,1390.0,15.0,15.0,0.0,4.968
1391,100.0,13.0,1391.0,15.0,15.0,0.0,4.968
1392,100.0,13.0,1392.0,15.0,15.0,0.0,4.968
1393,100.0,13.0,1393.0,15.0,15.0,0.0,4.968
1394,100.0,13.0,1394.0,15.0,15.0,0.0,4.968
1395,100.0,13.0,1395.0,15.0,15.0,0.0,4.968
1396,100.0,13.0,1396.0,15.0,15.0,0.0,4.968
1397,100.0,13.0,1397.0,15.0,15.0,0.0,4.968
1398,100.0,13.0,1398.0,15.0,15.0,0.0,4.968
1399,100.0,13.0,1399.0,15.0,15.0,0.0,4.968
1400,100.0,14.0,1400.0,15.0,15.0,0.0,4.968
1401,100.0,14.0,1401.0,15.0,15.0,0.0,4.968
1402,100.0,14.0,1402.0,15.0,15.0,0.0,4.968
1403,100.0,14.0,1403.0,15.0,15.0,0.0,4.968
1404,100.0,14.0,1404.0,15.0,15.0,0.0,4.968
1405,100.0,14.0,1405.0,15.0,15.0,0.0,4.968
1406,100.0,14.0,1406.0,15.0,15.0,0.0,4.968
1407,100.0,14.0,1407.0,15.0,15.0,0.0,4.968
1408,100.0,14.0,1408.0,15.0,15.0,0.0,4.968
1409,100.0,14.0,1409.0,15.0,15.0,0.0,4.968
1410,100.0,14.0,1410.0,15.0,15.0,0.0,4.968
1411,100.0,14.0,1411.0,15.0,15.0,0.0,4.968
1412,100.0,14.0,1412.0,15.0,15.0,0.0,4.968
1413,100.0,14.0,1413.0,15.0,15.0,0.0,4.968
1414,100.0,14.0,1414.0,15.0,15.0,0.0,4.968
1415,100.0,14.0,1415.0,15.0,15.0,0.0,4.968
1416,100.0,14.0,1416.0,15.0,15.0,0.0,4.968
1417,100.0,14.0,1417.0,15.0,15.0,0.0,4.968
1418,100.0,14.0,1418.0,15.0,15.0,0.0,4.968
1419,100.0,14.0,1419.0,15.0,15.0,0.0,4.968
1420,100.0,14.0,1420.0,15.0,15.0,0.0,4.968
1421,100.0,14.0,1421.0,15.0,15.0,0.0,4.968
1422,100.0,14.0,1422.0,15.0,15.0,0.0,4.968
1423,100.0,14.0,1423.0,15.0,15.0,0.0,4.968
1424,100.0,14.0,1424.0,15.0,15.0,0.0,4.968
1425,100.0,14.0,1425.0,15.0,15.0,0.0,4.968
1426,100.0,14.0,1426.0,15.0,15.0,0.0,4.968
1427,100.0,14.0,1427.0,15.0,15.0,0.0,4.968
1428,100.0,14.0,1428.0,15.0,15.0,0.0,4.968
1429,100.0,14.0,1429.0,15.0,15.0,0.0,4.968
1430,100.0,14.0,1430.0,15.0,15.0,0.0,4.968
1431,100.0,14.0,1431.0,15.0,15.0,0.0,4.968
1432,100.0,14.0,1432.0,15.0,15.0,0.0,4.968
1433,100.0,14.0,1433.0,15.0,15.0,0.0,4.968
1434,100.0,14.0,1434.0,15.0,15.0,0.0,4.968
1435,100.0,14.0,1435.0,15.0,15.0,0.0,4.968
1436,100.0,14.0,1436.0,15.0,15.0,0.0,4.968
1437,100.0,14.0,1437.0,15.0,15.0,0.0,4.968
1438,100.0,14.0,1438.0,15.0,15.0,0.0,4.968
1439,100.0,14.0,1439.0,15.0,15.0,0.0,4.968
1440,100.0,14.0,1440.0,15.0,15.0,0.0,4.968
1441,100.0,14.0,1441.0,15.0,15.0,0.0,4.968
1442,100.0,14.0,1442.0,15.0,15.0,0.0,4.968
1443,100.0,14.0,1443.0,15.0,15.0,0.0,4.968
1444,100.0,14.0,1444.0,15.0,15.0,0.0,4.968
1445,100.0,14.0,1445.0,15.0,15.0,0.0,4.968
1446,100.0,14.0,1446.0,15.0,15.0,0.0,4.968
1447,100.0,14.0,1447.0,15.0,15.0,0.0,4.968
1448,100.0,14.0,1448.0,15.0,15.0,0.0,4.968
1449,100.0,14.0,1449.0,15.0,15.0,0.0,4.968
1450,100.0,14.0,1450.0,15.0,15.0,0.0,4.968
1451,100.0,14.0,1451.0,15.0,15.0,0.0,4.968
1452,100.0,14.0,1452.0,15.0,15.0,0.0,4.968
1453,100.0,14.0,1453.0,15.0,15.0,0.0,4.968
1454,100.0,14.0,1454.0,15.0,15.0,0.0,4.968
1455,100.0,14.0,1455.0,15.0,15.0,6.15234375,4.968
1456,100.0,14.0,1456.0,15.0,15.0,0.0,4.968
1457,100.0,14.0,1457.0,15.0,15.0,0.0,4.968
1458,100.0,14.0,1458.0,15.0,15.0,0.0,4.968
1459,100.0,14.0,1459.0,15.0,15.0,0.0,4.968
1460,100.0,14.0,1460.0,15.0,15.0,0.0,4.968
1461,100.0,14.0,1461.0,15.0,15.0,0.0,4.968
1462,100.0,14.0,1462.0,15.0,15.0,0.0,4.968
1463,100.0,14.0,1463.0,15.0,15.0,0.0,4.968
1464,100.0,14.0,1464.0,15.0,15.0,0.0,4.968
1465,100.0,14.0,1465.0,15.0,15.0,0.0,4.968
1466,100.0,14.0,1466.0,15.0,15.0,0.0,4.968
1467,100.0,14.0,1467.0,15.0,15.0,0.0,4.968
1468,100.0,14.0,1468.0,15.0,15.0,0.0,4.968
1469,100.0,14.0,1469.0,15.0,15.0,0.0,4.968
1470,100.0,14.0,1470.0,15.0,15.0,0.0,4.968
1471,100.0,14.0,1471.0,15.0,15.0,0.0,4.968
1472,100.0,14.0,1472.0,15.0,15.0,0.0,4.968
1473,100.0,14.0,1473.0,15.0,15.0,0.0,4.968
1474,100.0,14.0,1474.0,15.0,15.0,0.0,4.968
1475,100.0,14.0,1475.0,15.0,15.0,0.0,4.968
1476,100.0,14.0,1476.0,15.0,15.0,0.0,4.968
1477,100.0,14.0,1477.0,15.0,15.0,0.0,4.968
1478,100.0,14.0,1478.0,15.0,15.0,0.0,4.968
1479,100.0,14.0,1479.0,15.0,15.0,0.0,4.968
1480,100.0,14.0,1480.0,15.0,15.0,0.0,4.968
1481,100.0,14.0,1481.0,15.0,15.0,0.0,4.968
1482,100.0,14.0,1482.0,15.0,15.0,0.0,4.968
1483,100.0,14.0,1483.0,15.0,15.0,0.0,4.968
1484,100.0,14.0,1484.0,15.0,15.0,0.0,4.968
1485,100.0,14.0,1485.0,15.0,15.0,0.0,4.968
1486,100.0,14.0,1486.0,15.0,15.0,0.0,4.968
1487,100.0,14.0,1487.0,15.0,15.0,0.0,4.968
1488,100.0,14.0,1488.0,15.0,15.0,0.0,4.968
1489,100.0,14.0,1489.0,15.0,15.0,0.0,4.968
1490,100.0,14.0,1490.0,15.0,15.0,0.0,4.968
1491,100.0,14.0,1491.0,15.0,15.0,0.0,4.968
1492,100.0,14.0,1492.0,15.0,15.0,0.0,4.968
1493,100.0,14.0,1493.0,15.0,15.0,0.0,4.968
1494,100.0,14.0,1494.0,15.0,15.0,0.0,4.968
1495,100.0,14.0,1495.0,15.0,15.0,0.0,4.968
1496,100.0,14.0,1496.0,15.0,15.0,0.0,4.968
1497,100.0,14.0,1497.0,15.0,15.0,0.0,4.968
1498,100.0,14.0,1498.0,15.0,15.0,0.0,4.968
1499,100.0,14.0,1499.0,15.0,15.0,0.0,4.968
1500,100.0,15.0,1500.0,15.0,15.0,0.0,4.968
1501,100.0,15.0,1501.0,15.0,15.0,0.0,4.968
1502,100.0,15.0,1502.0,15.0,15.0,0.0,4.968
1503,100.0,15.0,1503.0,15.0,15.0,0.0,4.968
1504,100.0,15.0,1504.0,15.0,15.0,0.0,4.968
1505,100.0,15.0,1505.0,15.0,15.0,0.0,4.968
1506,100.0,15.0,1506.0,15.0,15.0,0.0,4.968
1507,100.0,15.0,1507.0,15.0,15.0,0.0,4.968
1508,100.0,15.0,1508.0,15.0,15.0,0.0,4.968
1509,100.0,15.0,1509.0,15.0,15.0,0.0,4.968
1510,100.0,15.0,1510.0,15.0,15.0,0.0,4.968
1511,100.0,15.0,1511.0,15.0,15.0,0.0,4.968
1512,100.0,15.0,1512.0,15.0,15.0,0.0,4.968
1513,100.0,15.0,1513.0,15.0,15.0,0.0,4.968
1514,100.0,15.0,1514.0,15.0,15.0,0.0,4.968
1515,100.0,15.0,1515.0,15.0,15.0,0.0,4.968
1516,100.0,15.0,1516.0,15.0,15.0,0.0,4.968
1517,100.0,15.0,1517.0,15.0,15.0,0.0,4.968
1518,100.0,15.0,1518.0,15.0,15.0,0.0,4.968
1519,100.0,15.0,1519.0,15.0,15.0,0.0,4.968
1520,100.0,15.0,1520.0,15.0,15.0,0.0,4.968
1521,100.0,15.0,1521.0,15.0,15.0,0.0,4.968
1522,100.0,15.0,1522.0,15.0,15.0,0.0,4.968
1523,100.0,15.0,1523.0,15.0,15.0,0.0,4.968
1524,100.0,15.0,1524.0,15.0,15.0,0.0,4.968
1525,100.0,15.0,1525.0,15.0,15.0,0.0,4.968
1526,100.0,15.0,1526.0,15.0,15.0,0.0,4.968
1527,100.0,15.0,1527.0,15.0,15.0,0.0,4.968
1528,100.0,15.0,1528.0,15.0,15.0,0.0,4.968
1529,100.0,15.0,1529.0,15.0,15.0,0.0,4.968
1530,100.0,15.0,1530.0,15.0,15.0,0.0,4.968
1531,100.0,15.0,1531.0,15.0,15.0,0.0,4.968
1532,100.0,15.0,1532.0,15.0,15.0,0.0,4.968
1533,100.0,15.0,1533.0,15.0,15.0,0.0,4.968
1534,100.0,15.0,1534.0,15.0,15.0,0.0,4.968
1535,100.0,15.0,1535.0,15.0,15.0,0.0,4.968
1536,100.0,15.0,1536.0,15.0,15.0,0.0,4.968
1537,100.0,15.0,1537.0,15.0,15.0,0.0,4.968
1538,100.0,15.0,1538.0,15.0,15.0,0.0,4.968
1539,100.0,15.0,1539.0,15.0,15.0,0.0,4.968
1540,100.0,15.0,1540.0,15.0,15.0,0.0,4.968
1541,100.0,15.0,1541.0,15.0,15.0,0.0,4.968
1542,100.0,15.0,1542.0,15.0,15.0,0.0,4.968
1543,100.0,15.0,1543.0,15.0,15.0,0.0,4.968
1544,100.0,15.0,1544.0,15.0,15.0,0.0,4.968
1545,100.0,15.0,1545.0,15.0,15.0,0.0,4.968
1546,100.0,15.0,1546.0,15.0,15.0,0.0,4.968
1547,100.0,15.0,1547.0,15.0,15.0,0.0,4.968
1548,100.0,15.0,1548.0,15.0,15.0,0.0,4.968
1549,100.0,15.0,1549.0,15.0,15.0,0.0,4.968
1550,100.0,15.0,1550.0,15.0,15.0,0.0,4.968
1551,100.0,15.0,1551.0,15.0,15.0,0.0,4.968
1552,100.0,15.0,1552.0,15.0,15.0,0.0,4.968
1553,100.0,15.0,1553.0,15.0,15.0,0.0,4.968
1554,100.0,15.0,1554.0,15.0,15.0,0.0,4.968
1555,100.0,15.0,1555.0,15.0,15.0,0.0,4.968
1556,100.0,15.0,1556.0,15.0,15.0,0.0,4.968
1557,100.0,15.0,1557.0,15.0,15.0,0.0,4.968
1558,100.0,15.0,1558.0,15.0,15.0,0.0,4.968
1559,100.0,15.0,1559.0,15.0,15.0,0.0,4.968
1560,100.0,15.0,1560.0,15.0,15.0,0.0,4.968
1561,100.0,15.0,1561.0,15.0,15.0,0.0,4.968
1562,100.0,15.0,1562.0,15.0,15.0,0.0,4.968
1563,100.0,15.0,1563.0,15.0,15.0,0.0,4.968
1564,100.0,15.0,1564.0,15.0,15.0,0.0,4.968
1565,100.0,15.0,1565.0,15.0,15.0,0.0,4.968
1566,100.0,15.0,1566.0,15.0,15.0,0.0,4.968
1567,100.0,15.0,1567.0,15.0,15.0,0.0,4.968
1568,100.0,15.0,1568.0,15.0,15.0,0.0,4.968
1569,100.0,15.0,1569.0,15.0,15.0,0.0,4.968
1570,100.0,15.0,1570.0,15.0,15.0,0.0,4.968
1571,100.0,15.0,1571.0,15.0,15.0,0.0,4.968
1572,100.0,15.0,1572.0,15.0,15.0,0.0,4.968
1573,100.0,15.0,1573.0,15.0,15.0,0.0,4.968
1574,100.0,15.0,1574.0,15.0,15.0,0.0,4.968
1575,100.0,15.0,1575.0,15.0,15.0,0.0,4.968
1576,100.0,15.0,1576.0,15.0,15.0,0.0,4.968
1577,100.0,15.0,1577.0,15.0,15.0,0.0,4.968
1578,100.0,15.0,1578.0,15.0,15.0,0.0,4.968
1579,100.0,15.0,1579.0,15.0,15.0,0.0,4.968
1580,100.0,15.0,1580.0,15.0,15.0,0.0,4.968
1581,100.0,15.0,1581.0,15.0,15.0,0.0,4.968
1582,100.0,15.0,1582.0,15.0,15.0,0.0,4.968
1583,100.0,15.0,1583.0,15.0,15.0,0.0,4.968
1584,100.0,15.0,1584.0,15.0,15.0,0.0,4.968
1585,100.0,15.0,1585.0,15.0,15.0,0.0,4.968
1586,100.0,15.0,1586.0,15.0,15.0,0.0,4.968
1587,100.0,15.0,1587.0,15.0,15.0,0.0,4.968
1588,100.0,15.0,1588.0,15.0,15.0,0.0,4.968
1589,100.0,15.0,1589.0,15.0,15.0,0.0,4.968
1590,100.0,15.0,1590.0,15.0,15.0,0.0,4.968
1591,100.0,15.0,1591.0,15.0,15.0,0.0,4.968
1592,100.0,15.0,1592.0,15.0,15.0,0.0,4.968
1593,100.0,15.0,1593.0,15.0,15.0,0.0,4.968
1594,100.0,15.0,1594.0,15.0,15.0,0.0,4.968
1595,100.0,15.0,1595.0,15.0,15.0,0.0,4.968
1596,100.0,15.0,1596.0,15.0,15.0,0.0,4.968
1597,100.0,15.0,1597.0,15.0,15.0,0.0,4.968
1598,100.0,15.0,1598.0,15.0,15.0,0.0,4.968
1599,100.0,15.0,1599.0,15.0,15.0,0.0,4.968
1600,100.0,16.0,1600.0,15.0,15.0,0.0,4.968
1601,100.0,16.0,1601.0,15.0,15.0,0.0,4.968
1602,100.0,16.0,1602.0,15.0,15.0,6.93359375,4.968
1603,100.0,16.0,1603.0,15.0,15.0,0.0,4.968
1604,100.0,16.0,1604.0,15.0,15.0,7.12890625,4.968
1605,100.0,16.0,1605.0,15.0,15.0,0.0,4.968
1606,100.0,16.0,1606.0,15.0,15.0,0.0,4.968
1607,100.0,16.0,1607.0,15.0,15.0,0.0,4.968
1608,100.0,16.0,1608.0,15.0,15.0,0.0,4.968
1609,100.0,16.0,1609.0,15.0,15.0,0.0,4.968
1610,100.0,16.0,1610.0,15.0,15.0,0.0,4.968
1611,100.0,16.0,1611.0,15.0,15.0,0.0,4.968
1612,100.0,16.0,1612.0,15.0,15.0,0.0,4.968
1613,100.0,16.0,1613.0,15.0,15.0,0.0,4.968
1614,100.0,16.0,1614.0,15.0,15.0,0.0,4.968
1615,100.0,16.0,1615.0,15.0,15.0,0.0,4.968
1616,100.0,16.0,1616.0,15.0,15.0,0.0,4.968
1617,100.0,16.0,1617.0,15.0,15.0,0.0,4.968
1618,100.0,16.0,1618.0,15.0,15.0,0.0,4.968
1619,100.0,16.0,1619.0,15.0,15.0,0.0,4.968
1620,100.0,16.0,1620.0,15.0,15.0,0.0,4.968
1621,100.0,16.0,1621.0,15.0,15.0,0.0,4.968
1622,100.0,16.0,1622.0,15.0,15.0,0.0,4.968
1623,100.0,16.0,1623.0,15.0,15.0,0.0,4.968
1624,100.0,16.0,1624.0,15.0,15.0,0.0,4.968
1625,100.0,16.0,1625.0,15.0,15.0,0.0,4.968
1626,100.0,16.0,1626.0,15.0,15.0,0.0,4.968
1627,100.0,16.0,1627.0,15.0,15.0,0.0,4.968
1628,100.0,16.0,1628.0,15.0,15.0,0.0,4.968
1629,100.0,16.0,1629.0,15.0,15.0,0.0,4.968
1630,100.0,16.0,1630.0,15.0,15.0,0.0,4.968
1631,100.0,16.0,1631.0,15.0,15.0,0.0,4.968
1632,100.0,16.0,1632.0,15.0,15.0,0.0,4.968
1633,100.0,16.0,1633.0,15.0,15.0,0.0,4.968
1634,100.0,16.0,1634.0,15.0,15.0,0.0,4.968
1635,100.0,16.0,1635.0,15.0,15.0,0.0,4.968
1636,100.0,16.0,1636.0,15.0,15.0,0.0,4.968
1637,100.0,16.0,1637.0,15.0,15.0,0.0,4.968
1638,100.0,16.0,1638.0,15.0,15.0,0.0,4.968
1639,100.0,16.0,1639.0,15.0,15.0,0.0,4.968
1640,100.0,16.0,1640.0,15.0,15.0,0.0,4.968
1641,100.0,16.0,1641.0,15.0,15.0,0.0,4.968
1642,100.0,16.0,1642.0,15.0,15.0,0.0,4.968
1643,100.0,16.0,1643.0,15.0,15.0,0.0,4.968
1644,100.0,16.0,1644.0,15.0,15.0,0.0,4.968
1645,100.0,16.0,1645.0,15.0,15.0,0.0,4.968
1646,100.0,16.0,1646.0,15.0,15.0,0.0,4.968
1647,100.0,16.0,1647.0,15.0,15.0,0.0,4.968
1648,100.0,16.0,1648.0,15.0,15.0,0.0,4.968
1649,100.0,16.0,1649.0,15.0,15.0,0.0,4.968
1650,100.0,16.0,1650.0,15.0,15.0,0.0,4.968
1651,100.0,16.0,1651.0,15.0,15.0,0.0,4.968
1652,100.0,16.0,1652.0,15.0,15.0,0.0,4.968
1653,100.0,16.0,1653.0,15.0,15.0,0.0,4.968
1654,100.0,16.0,1654.0,15.0,15.0,0.0,4.968
1655,100.0,16.0,1655.0,15.0,15.0,0.0,4.968
1656,100.0,16.0,1656.0,15.0,15.0,0.0,4.968
1657,100.0,16.0,1657.0,15.0,15.0,0.0,4.968
1658,100.0,16.0,1658.0,15.0,15.0,0.0,4.968
1659,100.0,16.0,1659.0,15.0,15.0,0.0,4.968
1660,100.0,16.0,1660.0,15.0,15.0,0.0,4.968
1661,100.0,16.0,1661.0,15.0,15.0,0.0,4.968
1662,100.0,16.0,1662.0,15.0,15.0,0.0,4.968
1663,100.0,16.0,1663.0,15.0,15.0,0.0,4.968
1664,100.0,16.0,1664.0,15.0,15.0,0.0,4.968
1665,100.0,16.0,1665.0,15.0,15.0,0.0,4.968
1666,100.0,16.0,1666.0,15.0,15.0,0.0,4.968
1667,100.0,16.0,1667.0,15.0,15.0,0.0,4.968
1668,100.0,16.0,1668.0,15.0,15.0,0.0,4.968
1669,100.0,16.0,1669.0,15.0,15.0,0.0,4.968
1670,100.0,16.0,1670.0,15.0,15.0,0.0,4.968
1671,100.0,16.0,1671.0,15.0,15.0,0.0,4.968
1672,100.0,16.0,1672.0,15.0,15.0,0.0,4.968
1673,100.0,16.0,1673.0,15.0,15.0,0.0,4.968
1674,100.0,16.0,1674.0,15.0,15.0,0.0,4.968
1675,100.0,16.0,1675.0,15.0,15.0,0.0,4.968
1676,100.0,16.0,1676.0,15.0,15.0,0.0,4.968
1677,100.0,16.0,1677.0,15.0,15.0,0.0,4.968
1678,100.0,16.0,1678.0,15.0,15.0,0.0,4.968
1679,100.0,16.0,1679.0,15.0,15.0,0.0,4.968
1680,100.0,16.0,1680.0,15.0,15.0,0.0,4.968
1681,100.0,16.0,1681.0,15.0,15.0,0.0,4.968
1682,100.0,16.0,1682.0,15.0,15.0,0.0,4.968
1683,100.0,16.0,1683.0,15.0,15.0,0.0,4.968
1684,100.0,16.0,1684.0,15.0,15.0,0.0,4.968
1685,100.0,16.0,1685.0,15.0,15.0,0.0,4.968
1686,100.0,16.0,1686.0,15.0,15.0,0.0,4.968
1687,100.0,16.0,1687.0,15.0,15.0,0.0,4.968
1688,100.0,16.0,1688.0,15.0,15.0,0.0,4.968
1689,100.0,16.0,1689.0,15.0,15.0,0.0,4.968
1690,100.0,16.0,1690.0,15.0,15.0,0.0,4.968
1691,100.0,16.0,1691.0,15.0,15.0,0.0,4.968
1692,100.0,16.0,1692.0,15.0,15.0,0.0,4.968
1693,100.0,16.0,1693.0,15.0,15.0,0.0,4.968
1694,100.0,16.0,1694.0,15.0,15.0,0.0,4.968
1695,100.0,16.0,1695.0,15.0,15.0,0.0,4.968
1696,100.0,16.0,1696.0,15.0,15.0,0.0,4.968
1697,100.0,16.0,1697.0,15.0,15.0,0.0,4.968
1698,100.0,16.0,1698.0,15.0,15.0,0.0,4.968
1699,100.0,16.0,1699.0,15.0,15.0,0.0,4.968
1700,100.0,17.0,1700.0,15.0,15.0,0.0,4.968
1701,100.0,17.0,1701.0,15.0,15.0,0.0,4.968
1702,100.0,17.0,1702.0,15.0,15.0,0.0,4.968
1703,100.0,17.0,1703.0,15.0,15.0,0.0,4.968
1704,100.0,17.0,1704.0,15.0,15.0,0.0,4.968
1705,100.0,17.0,1705.0,15.0,15.0,0.0,4.968
1706,100.0,17.0,1706.0,15.0,15.0,0.0,4.968
1707,100.0,17.0,1707.0,15.0,15.0,0.0,4.968
1708,100.0,17.0,1708.0,15.0,15.0,0.0,4.968
1709,100.0,17.0,1709.0,15.0,15.0,0.0,4.968
1710,100.0,17.0,1710.0,15.0,15.0,0.0,4.968
1711,100.0,17.0,1711.0,15.0,15.0,0.0,4.968
1712,100.0,17.0,1712.0,15.0,15.0,0.0,4.968
1713,100.0,17.0,1713.0,15.0,15.0,0.0,4.968
1714,100.0,17.0,1714.0,15.0,15.0,0.0,4.968
1715,100.0,17.0,1715.0,15.0,15.0,0.0,4.968
1716,100.0,17.0,1716.0,15.0,15.0,0.0,4.968
1717,100.0,17.0,1717.0,15.0,15.0,0.0,4.968
1718,100.0,17.0,1718.0,15.0,15.0,0.0,4.968
1719,100.0,17.0,1719.0,15.0,15.0,0.0,4.968
1720,100.0,17.0,1720.0,15.0,15.0,0.0,4.968
1721,100.0,17.0,1721.0,15.0,15.0,0.0,4.968
1722,100.0,17.0,1722.0,15.0,15.0,0.0,4.968
1723,100.0,17.0,1723.0,15.0,15.0,0.0,4.968
1724,100.0,17.0,1724.0,15.0,15.0,0.0,4.968
1725,100.0,17.0,1725.0,15.0,15.0,0.0,4.968
1726,100.0,17.0,1726.0,15.0,15.0,0.0,4.968
1727,100.0,17.0,1727.0,15.0,15.0,0.0,4.968
1728,100.0,17.0,1728.0,15.0,15.0,0.0,4.968
1729,100.0,17.0,1729.0,15.0,15.0,0.0,4.968
1730,100.0,17.0,1730.0,15.0,15.0,0.0,4.968
1731,100.0,17.0,1731.0,15.0,15.0,0.0,4.968
1732,100.0,17.0,1732.0,15.0,15.0,0.0,4.968
1733,100.0,17.0,1733.0,15.0,15.0,0.0,4.968
1734,100.0,17.0,1734.0,15.0,15.0,0.0,4.968
1735,100.0,17.0,1735.0,15.0,15.0,0.0,4.968
1736,100.0,17.0,1736.0,15.0,15.0,0.0,4.968
1737,100.0,17.0,1737.0,15.0,15.0,0.0,4.968
1738,100.0,17.0,1738.0,15.0,15.0,0.0,4.968
1739,100.0,17.0,1739.0,15.0,15.0,0.0,4.968
1740,100.0,17.0,1740.0,15.0,15.0,0.0,4.968
1741,100.0,17.0,1741.0,15.0,15.0,0.0,4.968
1742,100.0,17.0,1742.0,15.0,15.0,0.0,4.968
1743,100.0,17.0,1743.0,15.0,15.0,0.0,4.968
1744,100.0,17.0,1744.0,15.0,15.0,0.0,4.968
1745,100.0,17.0,1745.0,15.0,15.0,0.0,4.968
1746,100.0,17.0,1746.0,15.0,15.0,0.0,4.968
1747,100.0,17.0,1747.0,15.0,15.0,6.0546875,4.968
1748,100.0,17.0,1748.0,15.0,15.0,0.0,4.968
1749,100.0,17.0,1749.0,15.0,15.0,0.0,4.968
1750,100.0,17.0,1750.0,15.0,15.0,0.0,4.968
1751,100.0,17.0,1751.0,15.0,15.0,0.0,4.968
1752,100.0,17.0,1752.0,15.0,15.0,0.0,4.968
1753,100.0,17.0,1753.0,15.0,15.0,0.0,4.968
1754,100.0,17.0,1754.0,15.0,15.0,0.0,4.968
1755,100.0,17.0,1755.0,15.0,15.0,0.0,4.968
1756,100.0,17.0,1756.0,15.0,15.0,0.0,4.968
1757,100.0,17.0,1757.0,15.0,15.0,0.0,4.968
1758,100.0,17.0,1758.0,15.0,15.0,0.0,4.968
1759,100.0,17.0,1759.0,15.0,15.0,0.0,4.968
1760,100.0,17.0,1760.0,15.0,15.0,0.0,4.968
1761,100.0,17.0,1761.0,15.0,15.0,0.0,4.968
1762,100.0,17.0,1762.0,15.0,15.0,0.0,4.968
1763,100.0,17.0,1763.0,15.0,15.0,0.0,4.968
1764,100.0,17.0,1764.0,15.0,15.0,0.0,4.968
1765,100.0,17.0,1765.0,15.0,15.0,0.0,4.968
1766,100.0,17.0,1766.0,15.0,15.0,0.0,4.968
1767,100.0,17.0,1767.0,15.0,15.0,0.0,4.968
1768,100.0,17.0,1768.0,15.0,15.0,0.0,4.968
1769,100.0,17.0,1769.0,15.0,15.0,0.0,4.968
1770,100.0,17.0,1770.0,15.0,15.0,0.0,4.968
1771,100.0,17.0,1771.0,15.0,15.0,0.0,4.968
1772,100.0,17.0,1772.0,15.0,15.0,0.0,4.968
1773,100.0,17.0,1773.0,15.0,15.0,0.0,4.968
1774,100.0,17.0,1774.0,15.0,15.0,0.0,4.968
1775,100.0,17.0,1775.0,15.0,15.0,0.0,4.968
1776,100.0,17.0,1776.0,15.0,15.0,0.0,4.968
1777,100.0,17.0,1777.0,15.0,15.0,0.0,4.968
1778,100.0,17.0,1778.0,15.0,15.0,0.0,4.968
1779,100.0,17.0,1779.0,15.0,15.0,0.0,4.968
1780,100.0,17.0,1780.0,15.0,15.0,0.0,4.968
1781,100.0,17.0,1781.0,15.0,15.0,0.0,4.968
1782,100.0,17.0,1782.0,15.0,15.0,0.0,4.968
1783,100.0,17.0,1783.0,15.0,15.0,0.0,4.968
1784,100.0,17.0,1784.0,15.0,15.0,0.0,4.968
1785,100.0,17.0,1785.0,15.0,15.0,0.0,4.968
1786,100.0,17.0,1786.0,15.0,15.0,0.0,4.968
1787,100.0,17.0,1787.0,15.0,15.0,0.0,4.968
1788,100.0,17.0,1788.0,15.0,15.0,0.0,4.968
1789,100.0,17.0,1789.0,15.0,15.0,0.0,4.968
1790,100.0,17.0,1790.0,15.0,15.0,0.0,4.968
1791,100.0,17.0,1791.0,15.0,15.0,0.0,4.968
1792,100.0,17.0,1792.0,15.0,15.0,0.0,4.968
1793,100.0,17.0,1793.0,15.0,15.0,0.0,4.968
1794,100.0,17.0,1794.0,15.0,15.0,0.0,4.968
1795,100.0,17.0,1795.0,15.0,15.0,0.0,4.968
1796,100.0,17.0,1796.0,15.0,15.0,0.0,4.968
1797,100.0,17.0,1797.0,15.0,15.0,0.0,4.968
1798,100.0,17.0,1798.0,15.0,15.0,0.0,4.968
1799,100.0,17.0,1799.0,15.0,15.0,0.0,4.968
1800,100.0,18.0,1800.0,15.0,15.0,0.0,4.968
1801,100.0,18.0,1801.0,15.0,15.0,0.0,4.968
1802,100.0,18.0,1802.0,15.0,15.0,0.0,4.968
1803,100.0,18.0,1803.0,15.0,15.0,0.0,4.968
1804,100.0,18.0,1804.0,15.0,15.0,0.0,4.968
1805,100.0,18.0,1805.0,15.0,15.0,0.0,4.968
1806,100.0,18.0,1806.0,15.0,15.0,0.0,4.968
1807,100.0,18.0,1807.0,15.0,15.0,0.0,4.968
1808,100.0,18.0,1808.0,15.0,15.0,0.0,4.968
1809,100.0,18.0,1809.0,15.0,15.0,0.0,4.968
1810,100.0,18.0,1810.0,15.0,15.0,0.0,4.968
1811,100.0,18.0,1811.0,15.0,15.0,0.0,4.968
1812,100.0,18.0,1812.0,15.0,15.0,0.0,4.968
1813,100.0,18.0,1813.0,15.0,15.0,0.0,4.968
1814,100.0,18.0,1814.0,15.0,15.0,0.0,4.968
1815,100.0,18.0,1815.0,15.0,15.0,0.0,4.968
1816,100.0,18.0,1816.0,15.0,15.0,0.0,4.968
1817,100.0,18.0,1817.0,15.0,15.0,0.0,4.968
1818,100.0,18.0,1818.0,15.0,15.0,0.0,4.968
1819,100.0,18.0,1819.0,15.0,15.0,0.0,4.968
1820,100.0,18.0,1820.0,15.0,15.0,0.0,4.968
1821,100.0,18.0,1821.0,15.0,15.0,0.0,4.968
1822,100.0,18.0,1822.0,15.0,15.0,0.0,4.968
1823,100.0,18.0,1823.0,15.0,15.0,0.0,4.968
1824,100.0,18.0,1824.0,15.0,15.0,0.0,4.968
1825,100.0,18.0,1825.0,15.0,15.0,0.0,4.968
1826,100.0,18.0,1826.0,15.0,15.0,0.0,4.968
1827,100.0,18.0,1827.0,15.0,15.0,0.0,4.968
1828,100.0,18.0,1828.0,15.0,15.0,0.0,4.968
1829,100.0,18.0,1829.0,15.0,15.0,0.0,4.968
1830,100.0,18.0,1830.0,15.0,15.0,0.0,4.968
1831,100.0,18.0,1831.0,15.0,15.0,0.0,4.968
1832,100.0,18.0,1832.0,15.0,15.0,0.0,4.968
1833,100.0,18.0,1833.0,15.0,15.0,0.0,4.968
1834,100.0,18.0,1834.0,15.0,15.0,0.0,4.968
1835,100.0,18.0,1835.0,15.0,15.0,0.0,4.968
1836,100.0,18.0,1836.0,15.0,15.0,0.0,4.968
1837,100.0,18.0,1837.0,15.0,15.0,0.0,4.968
1838,100.0,18.0,1838.0,15.0,15.0,0.0,4.968
1839,100.0,18.0,1839.0,15.0,15.0,0.0,4.968
1840,100.0,18.0,1840.0,15.0,15.0,0.0,4.968
1841,100.0,18.0,1841.0,15.0,15.0,0.0,4.968
1842,100.0,18.0,1842.0,15.0,15.0,0.0,4.968
1843,100.0,18.0,1843.0,15.0,15.0,0.0,4.968
1844,100.0,18.0,1844.0,15.0,15.0,0.0,4.968
1845,100.0,18.0,1845.0,15.0,15.0,0.0,4.968
1846,100.0,18.0,1846.0,15.0,15.0,0.0,4.968
1847,100.0,18.0,1847.0,15.0,15.0,0.0,4.968
1848,100.0,18.0,1848.0,15.0,15.0,0.0,4.968
1849,100.0,18.0,1849.0,15.0,15.0,0.0,4.968
1850,100.0,18.0,1850.0,15.0,15.0,0.0,4.968
1851,100.0,18.0,1851.0,15.0,15.0,0.0,4.968
1852,100.0,18.0,1852.0,15.0,15.0,0.0,4.968
1853,100.0,18.0,1853.0,15.0,15.0,0.0,4.968
1854,100.0,18.0,1854.0,15.0,15.0,0.0,4.968
1855,100.0,18.0,1855.0,15.0,15.0,0.0,4.968
1856,100.0,18.0,1856.0,15.0,15.0,0.0,4.968
1857,100.0,18.0,1857.0,15.0,15.0,0.0,4.968
1858,100.0,18.0,1858.0,15.0,15.0,0.0,4.968
1859,100.0,18.0,1859.0,15.0,15.0,0.0,4.968
1860,100.0,18.0,1860.0,15.0,15.0,0.0,4.968
1861,100.0,18.0,1861.0,15.0,15.0,0.0,4.968
1862,100.0,18.0,1862.0,15.0,15.0,0.0,4.968
1863,100.0,18.0,1863.0,15.0,15.0,0.0,4.968
1864,100.0,18.0,1864.0,15.0,15.0,0.0,4.968
1865,100.0,18.0,1865.0,15.0,15.0,0.0,4.968
1866,100.0,18.0,1866.0,15.0,15.0,0.0,4.968
1867,100.0,18.0,1867.0,15.0,15.0,0.0,4.968
1868,100.0,18.0,1868.0,15.0,15.0,0.0,4.968
1869,100.0,18.0,1869.0,15.0,15.0,0.0,4.968
1870,100.0,18.0,1870.0,15.0,15.0,0.0,4.968
1871,100.0,18.0,1871.0,15.0,15.0,0.0,4.968
1872,100.0,18.0,1872.0,15.0,15.0,0.0,4.968
1873,100.0,18.0,1873.0,15.0,15.0,0.0,4.968
1874,100.0,18.0,1874.0,15.0,15.0,0.0,4.968
1875,100.0,18.0,1875.0,15.0,15.0,0.0,4.968
1876,100.0,18.0,1876.0,15.0,15.0,0.0,4.968
1877,100.0,18.0,1877.0,15.0,15.0,0.0,4.968
1878,100.0,18.0,1878.0,15.0,15.0,0.0,4.968
1879,100.0,18.0,1879.0,15.0,15.0,0.0,4.968
1880,100.0,18.0,1880.0,15.0,15.0,0.0,4.968
1881,100.0,18.0,1881.0,15.0,15.0,0.0,4.968
1882,100.0,18.0,1882.0,15.0,15.0,0.0,4.968
1883,100.0,18.0,1883.0,15.0,15.0,0.0,4.968
1884,100.0,18.0,1884.0,15.0,15.0,0.0,4.968
1885,100.0,18.0,1885.0,15.0,15.0,0.0,4.968
1886,100.0,18.0,1886.0,15.0,15.0,0.0,4.968
1887,100.0,18.0,1887.0,15.0,15.0,0.0,4.968
1888,100.0,18.0,1888.0,15.0,15.0,0.0,4.968
1889,100.0,18.0,1889.0,15.0,15.0,0.0,4.968
1890,100.0,18.0,1890.0,15.0,15.0,0.0,4.968
1891,100.0,18.0,1891.0,15.0,15.0,0.0,4.968
1892,100.0,18.0,1892.0,15.0,15.0,0.0,4.968
1893,100.0,18.0,1893.0,15.0,15.0,0.0,4.968
1894,100.0,18.0,1894.0,15.0,15.0,0.0,4.968
1895,100.0,18.0,1895.0,15.0,15.0,0.0,4.968
1896,100.0,18.0,1896.0,15.0,15.0,0.0,4.968
1897,100.0,18.0,1897.0,15.0,15.0,0.0,4.968
1898,100.0,18.0,1898.0,15.0,15.0,0.0,4.968
1899,100.0,18.0,1899.0,15.0,15.0,0.0,4.968
1900,100.0,19.0,1900.0,15.0,15.0,0.0,4.968
1901,100.0,19.0,1901.0,15.0,15.0,0.0,4.968
1902,100.0,19.0,1902.0,15.0,15.0,0.0,4.968
1903,100.0,19.0,1903.0,6.151972,6.151972,7.71484375,4.968
1904,100.0,19.0,1904.0,6.151972,6.151972,0.0,4.968
1905,100.0,19.0,1905.0,6.164674,6.164674,5.2734375,4.968
1906,100.0,19.0,1906.0,6.164674,6.164674,0.0,4.968
1907,100.0,19.0,1907.0,6.164674,6.164674,0.0,4.968
1908,100.0,19.0,1908.0,6.164674,6.164674,0.0,4.968
1909,100.0,19.0,1909.0,6.164674,6.164674,0.0,4.968
1910,100.0,19.0,1910.0,6.164674,6.164674,0.0,4.968
1911,100.0,19.0,1911.0,6.164674,6.164674,0.0,4.968
1912,100.0,19.0,1912.0,6.164674,6.164674,0.0,4.968
1913,100.0,19.0,1913.0,6.164674,6.164674,0.0,4.968
1914,100.0,19.0,1914.0,6.164674,6.164674,0.0,4.968
1915,100.0,19.0,1915.0,6.164674,6.164674,0.0,4.968
1916,100.0,19.0,1916.0,15.0,15.0,0.0,4.968
1917,100.0,19.0,1917.0,15.0,15.0,0.0,4.968
1918,100.0,19.0,1918.0,15.0,15.0,0.0,4.968
1919,100.0,19.0,1919.0,15.0,15.0,0.0,4.968
1920,100.0,19.0,1920.0,15.0,15.0,0.0,4.968
1921,100.0,19.0,1921.0,15.0,15.0,0.0,4.968
1922,100.0,19.0,1922.0,15.0,15.0,0.0,4.968
1923,100.0,19.0,1923.0,15.0,15.0,0.0,4.968
1924,100.0,19.0,1924.0,15.0,15.0,0.0,4.968
1925,100.0,19.0,1925.0,15.0,15.0,0.0,4.968
1926,100.0,19.0,1926.0,15.0,15.0,0.0,4.968
1927,100.0,19.0,1927.0,15.0,15.0,0.0,4.968
1928,100.0,19.0,1928.0,15.0,15.0,0.0,4.968
1929,100.0,19.0,1929.0,15.0,15.0,0.0,4.968
1930,100.0,19.0,1930.0,15.0,15.0,0.0,4.968
1931,100.0,19.0,1931.0,15.0,15.0,0.0,4.968
1932,100.0,19.0,1932.0,15.0,15.0,0.0,4.968
1933,100.0,19.0,1933.0,15.0,15.0,0.0,4.968
1934,100.0,19.0,1934.0,15.0,15.0,0.0,4.968
1935,100.0,19.0,1935.0,15.0,15.0,0.0,4.968
1936,100.0,19.0,1936.0,15.0,15.0,0.0,4.968
1937,100.0,19.0,1937.0,15.0,15.0,0.0,4.968
1938,100.0,19.0,1938.0,15.0,15.0,0.0,4.968
1939,100.0,19.0,1939.0,15.0,15.0,0.0,4.968
1940,100.0,19.0,1940.0,15.0,15.0,0.0,4.968
1941,100.0,19.0,1941.0,15.0,15.0,0.0,4.968
1942,100.0,19.0,1942.0,15.0,15.0,0.0,4.968
1943,100.0,19.0,1943.0,15.0,15.0,0.0,4.968
1944,100.0,19.0,1944.0,15.0,15.0,0.0,4.968
1945,100.0,19.0,1945.0,15.0,15.0,0.0,4.968
1946,100.0,19.0,1946.0,15.0,15.0,0.0,4.968
1947,100.0,19.0,1947.0,15.0,15.0,0.0,4.968
1948,100.0,19.0,1948.0,15.0,15.0,0.0,4.968
1949,100.0,19.0,1949.0,15.0,15.0,0.0,4.968
1950,100.0,19.0,1950.0,15.0,15.0,0.0,4.968
1951,100.0,19.0,1951.0,15.0,15.0,0.0,4.968
1952,100.0,19.0,1952.0,15.0,15.0,0.0,4.968
1953,100.0,19.0,1953.0,15.0,15.0,0.0,4.968
1954,100.0,19.0,1954.0,15.0,15.0,0.0,4.968
1955,100.0,19.0,1955.0,15.0,15.0,0.0,4.968
1956,100.0,19.0,1956.0,15.0,15.0,0.0,4.968
1957,100.0,19.0,1957.0,15.0,15.0,0.0,4.968
1958,100.0,19.0,1958.0,15.0,15.0,0.0,4.968
1959,100.0,19.0,1959.0,15.0,15.0,0.0,4.968
1960,100.0,19.0,1960.0,15.0,15.0,0.0,4.968
1961,100.0,19.0,1961.0,15.0,15.0,0.0,4.968
1962,100.0,19.0,1962.0,15.0,15.0,0.0,4.968
1963,100.0,19.0,1963.0,15.0,15.0,0.0,4.968
1964,100.0,19.0,1964.0,15.0,15.0,0.0,4.968
1965,100.0,19.0,1965.0,15.0,15.0,0.0,4.968
1966,100.0,19.0,1966.0,15.0,15.0,0.0,4.968
1967,100.0,19.0,1967.0,15.0,15.0,0.0,4.968
1968,100.0,19.0,1968.0,15.0,15.0,0.0,4.968
1969,100.0,19.0,1969.0,15.0,15.0,0.0,4.968
1970,100.0,19.0,1970.0,15.0,15.0,0.0,4.968
1971,100.0,19.0,1971.0,15.0,15.0,0.0,4.968
1972,100.0,19.0,1972.0,15.0,15.0,0.0,4.968
1973,100.0,19.0,1973.0,15.0,15.0,0.0,4.968
1974,100.0,19.0,1974.0,15.0,15.0,0.0,4.968
1975,100.0,19.0,1975.0,15.0,15.0,0.0,4.968
1976,100.0,19.0,1976.0,15.0,15.0,0.0,4.968
1977,100.0,19.0,1977.0,15.0,15.0,0.0,4.968
1978,100.0,19.0,1978.0,15.0,15.0,0.0,4.968
1979,100.0,19.0,1979.0,15.0,15.0,0.0,4.968
1980,100.0,19.0,1980.0,15.0,15.0,0.0,4.968
1981,100.0,19.0,1981.0,15.0,15.0,0.0,4.968
1982,100.0,19.0,1982.0,15.0,15.0,0.0,4.968
1983,100.0,19.0,1983.0,15.0,15.0,0.0,4.968
1984,100.0,19.0,1984.0,15.0,15.0,0.0,4.968
1985,100.0,19.0,1985.0,15.0,15.0,0.0,4.968
1986,100.0,19.0,1986.0,15.0,15.0,0.0,4.968
1987,100.0,19.0,1987.0,15.0,15.0,0.0,4.968
1988,100.0,19.0,1988.0,15.0,15.0,0.0,4.968
1989,100.0,19.0,1989.0,15.0,15.0,0.0,4.968
1990,100.0,19.0,1990.0,15.0,15.0,0.0,4.968
1991,100.0,19.0,1991.0,15.0,15.0,0.0,4.968
1992,100.0,19.0,1992.0,15.0,15.0,0.0,4.968
1993,100.0,19.0,1993.0,15.0,15.0,0.0,4.968
1994,100.0,19.0,1994.0,15.0,15.0,0.0,4.968
1995,100.0,19.0,1995.0,15.0,15.0,0.0,4.968
1996,100.0,19.0,1996.0,15.0,15.0,0.0,4.968
1997,100.0,19.0,1997.0,15.0,15.0,0.0,4.968
1998,100.0,19.0,1998.0,15.0,15.0,0.0,4.968
1999,100.0,19.0,1999.0,15.0,15.0,0.0,4.968
2000,100.0,20.0,2000.0,15.0,15.0,0.0,4.968
2001,100.0,20.0,2001.0,15.0,15.0,0.0,4.968
2002,100.0,20.0,2002.0,15.0,15.0,0.0,4.968
2003,100.0,20.0,2003.0,15.0,15.0,0.0,4.968
2004,100.0,20.0,2004.0,15.0,15.0,0.0,4.968
2005,100.0,20.0,2005.0,15.0,15.0,0.0,4.968
2006,100.0,20.0,2006.0,15.0,15.0,0.0,4.968
2007,100.0,20.0,2007.0,15.0,15.0,0.0,4.968
2008,100.0,20.0,2008.0,15.0,15.0,0.0,4.968
2009,100.0,20.0,2009.0,15.0,15.0,0.0,4.968
2010,100.0,20.0,2010.0,15.0,15.0,0.0,4.968
2011,100.0,20.0,2011.0,15.0,15.0,0.0,4.968
2012,100.0,20.0,2012.0,15.0,15.0,0.0,4.968
2013,100.0,20.0,2013.0,15.0,15.0,0.0,4.968
2014,100.0,20.0,2014.0,15.0,15.0,0.0,4.968
2015,100.0,20.0,2015.0,15.0,15.0,0.0,4.968
2016,100.0,20.0,2016.0,15.0,15.0,0.0,4.968
2017,100.0,20.0,2017.0,15.0,15.0,0.0,4.968
2018,100.0,20.0,2018.0,15.0,15.0,0.0,4.968
2019,100.0,20.0,2019.0,15.0,15.0,0.0,4.968
2020,100.0,20.0,2020.0,15.0,15.0,0.0,4.968
2021,100.0,20.0,2021.0,15.0,15.0,0.0,4.968
2022,100.0,20.0,2022.0,15.0,15.0,0.0,4.968
2023,100.0,20.0,2023.0,15.0,15.0,0.0,4.968
2024,100.0,20.0,2024.0,15.0,15.0,0.0,4.968
2025,100.0,20.0,2025.0,15.0,15.0,0.0,4.968
2026,100.0,20.0,2026.0,15.0,15.0,0.0,4.968
2027,100.0,20.0,2027.0,15.0,15.0,0.0,4.968
2028,100.0,20.0,2028.0,15.0,15.0,0.0,4.968
2029,100.0,20.0,2029.0,15.0,15.0,0.0,4.968
2030,100.0,20.0,2030.0,15.0,15.0,5.95703125,4.968
2031,100.0,20.0,2031.0,15.0,15.0,0.0,4.968
2032,100.0,20.0,2032.0,15.0,15.0,5.95703125,4.968
2033,100.0,20.0,2033.0,15.0,15.0,0.0,4.968
2034,100.0,20.0,2034.0,15.0,15.0,0.0,4.968
2035,100.0,20.0,2035.0,15.0,15.0,0.0,4.968
2036,100.0,20.0,2036.0,15.0,15.0,0.0,4.968
2037,100.0,20.0,2037.0,15.0,15.0,0.0,4.968
2038,100.0,20.0,2038.0,15.0,15.0,0.0,4.968
2039,100.0,20.0,2039.0,15.0,15.0,0.0,4.968
2040,100.0,20.0,2040.0,15.0,15.0,0.0,4.968
2041,100.0,20.0,2041.0,15.0,15.0,0.0,4.968
2042,100.0,20.0,2042.0,15.0,15.0,0.0,4.968
2043,100.0,20.0,2043.0,15.0,15.0,0.0,4.968
2044,100.0,20.0,2044.0,15.0,15.0,0.0,4.968
2045,100.0,20.0,2045.0,6.1783589999999995,6.1783589999999995,5.37109375,4.968
2046,100.0,20.0,2046.0,6.1783589999999995,6.1783589999999995,0.0,4.968
2047,100.0,20.0,2047.0,6.1783589999999995,6.1783589999999995,0.0,4.968
2048,100.0,20.0,2048.0,6.1783589999999995,6.1783589999999995,0.0,4.968
2049,100.0,20.0,2049.0,6.1783589999999995,6.1783589999999995,0.0,4.968
2050,100.0,20.0,2050.0,6.1783589999999995,6.1783589999999995,0.0,4.968
2051,100.0,20.0,2051.0,6.1783589999999995,6.1783589999999995,0.0,4.968
2052,100.0,20.0,2052.0,6.1783589999999995,6.1783589999999995,0.0,4.968
2053,100.0,20.0,2053.0,6.1783589999999995,6.1783589999999995,0.0,4.968
2054,100.0,20.0,2054.0,6.1783589999999995,6.1783589999999995,0.0,4.968
2055,100.0,20.0,2055.0,6.1783589999999995,6.1783589999999995,0.0,4.968
2056,100.0,20.0,2056.0,15.0,15.0,0.0,4.968
2057,100.0,20.0,2057.0,15.0,15.0,0.0,4.968
2058,100.0,20.0,2058.0,15.0,15.0,0.0,4.968
2059,100.0,20.0,2059.0,15.0,15.0,0.0,4.968
2060,100.0,20.0,2060.0,15.0,15.0,0.0,4.968
2061,100.0,20.0,2061.0,15.0,15.0,0.0,4.968
2062,100.0,20.0,2062.0,15.0,15.0,0.0,4.968
2063,100.0,20.0,2063.0,15.0,15.0,0.0,4.968
2064,100.0,20.0,2064.0,15.0,15.0,0.0,4.968
2065,100.0,20.0,2065.0,15.0,15.0,0.0,4.968
2066,100.0,20.0,2066.0,15.0,15.0,0.0,4.968
2067,100.0,20.0,2067.0,15.0,15.0,0.0,4.968
2068,100.0,20.0,2068.0,15.0,15.0,0.0,4.968
2069,100.0,20.0,2069.0,15.0,15.0,0.0,4.968
2070,100.0,20.0,2070.0,15.0,15.0,0.0,4.968
2071,100.0,20.0,2071.0,15.0,15.0,0.0,4.968
2072,100.0,20.0,2072.0,15.0,15.0,0.0,4.968
2073,100.0,20.0,2073.0,15.0,15.0,0.0,4.968
2074,100.0,20.0,2074.0,15.0,15.0,0.0,4.968
2075,100.0,20.0,2075.0,15.0,15.0,0.0,4.968
2076,100.0,20.0,2076.0,15.0,15.0,0.0,4.968
2077,100.0,20.0,2077.0,15.0,15.0,0.0,4.968
2078,100.0,20.0,2078.0,15.0,15.0,0.0,4.968
2079,100.0,20.0,2079.0,15.0,15.0,0.0,4.968
2080,100.0,20.0,2080.0,15.0,15.0,0.0,4.968
2081,100.0,20.0,2081.0,15.0,15.0,0.0,4.968
2082,100.0,20.0,2082.0,15.0,15.0,0.0,4.968
2083,100.0,20.0,2083.0,15.0,15.0,0.0,4.968
2084,100.0,20.0,2084.0,15.0,15.0,0.0,4.968
2085,100.0,20.0,2085.0,15.0,15.0,0.0,4.968
2086,100.0,20.0,2086.0,15.0,15.0,0.0,4.968
2087,100.0,20.0,2087.0,15.0,15.0,0.0,4.968
2088,100.0,20.0,2088.0,15.0,15.0,0.0,4.968
2089,100.0,20.0,2089.0,15.0,15.0,0.0,4.968
2090,100.0,20.0,2090.0,15.0,15.0,0.0,4.968
2091,100.0,20.0,2091.0,15.0,15.0,0.0,4.968
2092,100.0,20.0,2092.0,15.0,15.0,0.0,4.968
2093,100.0,20.0,2093.0,15.0,15.0,0.0,4.968
2094,100.0,20.0,2094.0,15.0,15.0,0.0,4.968
2095,100.0,20.0,2095.0,15.0,15.0,0.0,4.968
2096,100.0,20.0,2096.0,15.0,15.0,0.0,4.968
2097,100.0,20.0,2097.0,15.0,15.0,0.0,4.968
2098,100.0,20.0,2098.0,15.0,15.0,0.0,4.968
2099,100.0,20.0,2099.0,15.0,15.0,0.0,4.968
2100,100.0,21.0,2100.0,15.0,15.0,0.0,4.968
2101,100.0,21.0,2101.0,15.0,15.0,0.0,4.968
2102,100.0,21.0,2102.0,15.0,15.0,0.0,4.968
2103,100.0,21.0,2103.0,15.0,15.0,0.0,4.968
2104,100.0,21.0,2104.0,15.0,15.0,0.0,4.968
2105,100.0,21.0,2105.0,15.0,15.0,0.0,4.968
2106,100.0,21.0,2106.0,15.0,15.0,0.0,4.968
2107,100.0,21.0,2107.0,15.0,15.0,0.0,4.968
2108,100.0,21.0,2108.0,15.0,15.0,0.0,4.968
2109,100.0,21.0,2109.0,15.0,15.0,0.0,4.968
2110,100.0,21.0,2110.0,15.0,15.0,0.0,4.968
2111,100.0,21.0,2111.0,15.0,15.0,0.0,4.968
2112,100.0,21.0,2112.0,15.0,15.0,0.0,4.968
2113,100.0,21.0,2113.0,15.0,15.0,0.0,4.968
2114,100.0,21.0,2114.0,15.0,15.0,0.0,4.968
2115,100.0,21.0,2115.0,15.0,15.0,0.0,4.968
2116,100.0,21.0,2116.0,15.0,15.0,0.0,4.968
2117,100.0,21.0,2117.0,15.0,15.0,0.0,4.968
2118,100.0,21.0,2118.0,15.0,15.0,0.0,4.968
2119,100.0,21.0,2119.0,15.0,15.0,0.0,4.968
2120,100.0,21.0,2120.0,15.0,15.0,0.0,4.968
2121,100.0,21.0,2121.0,15.0,15.0,0.0,4.968
2122,100.0,21.0,2122.0,15.0,15.0,0.0,4.968
2123,100.0,21.0,2123.0,15.0,15.0,0.0,4.968
2124,100.0,21.0,2124.0,15.0,15.0,0.0,4.968
2125,100.0,21.0,2125.0,15.0,15.0,0.0,4.968
2126,100.0,21.0,2126.0,15.0,15.0,0.0,4.968
2127,100.0,21.0,2127.0,15.0,15.0,0.0,4.968
2128,100.0,21.0,2128.0,15.0,15.0,0.0,4.968
2129,100.0,21.0,2129.0,15.0,15.0,0.0,4.968
2130,100.0,21.0,2130.0,15.0,15.0,0.0,4.968
2131,100.0,21.0,2131.0,15.0,15.0,0.0,4.968
2132,100.0,21.0,2132.0,15.0,15.0,0.0,4.968
2133,100.0,21.0,2133.0,15.0,15.0,0.0,4.968
2134,100.0,21.0,2134.0,15.0,15.0,0.0,4.968
2135,100.0,21.0,2135.0,15.0,15.0,0.0,4.968
2136,100.0,21.0,2136.0,15.0,15.0,0.0,4.968
2137,100.0,21.0,2137.0,15.0,15.0,0.0,4.968
2138,100.0,21.0,2138.0,15.0,15.0,0.0,4.968
2139,100.0,21.0,2139.0,15.0,15.0,0.0,4.968
2140,100.0,21.0,2140.0,15.0,15.0,0.0,4.968
2141,100.0,21.0,2141.0,15.0,15.0,0.0,4.968
2142,100.0,21.0,2142.0,15.0,15.0,0.0,4.968
2143,100.0,21.0,2143.0,15.0,15.0,0.0,4.968
2144,100.0,21.0,2144.0,15.0,15.0,0.0,4.968
2145,100.0,21.0,2145.0,15.0,15.0,0.0,4.968
2146,100.0,21.0,2146.0,15.0,15.0,0.0,4.968
2147,100.0,21.0,2147.0,15.0,15.0,0.0,4.968
2148,100.0,21.0,2148.0,15.0,15.0,0.0,4.968
2149,100.0,21.0,2149.0,15.0,15.0,0.0,4.968
2150,100.0,21.0,2150.0,15.0,15.0,0.0,4.968
2151,100.0,21.0,2151.0,15.0,15.0,0.0,4.968
2152,100.0,21.0,2152.0,15.0,15.0,0.0,4.968
2153,100.0,21.0,2153.0,15.0,15.0,0.0,4.968
2154,100.0,21.0,2154.0,15.0,15.0,0.0,4.968
2155,100.0,21.0,2155.0,15.0,15.0,0.0,4.968
2156,100.0,21.0,2156.0,15.0,15.0,0.0,4.968
2157,100.0,21.0,2157.0,15.0,15.0,0.0,4.968
2158,100.0,21.0,2158.0,15.0,15.0,0.0,4.968
2159,100.0,21.0,2159.0,15.0,15.0,0.0,4.968
2160,100.0,21.0,2160.0,15.0,15.0,0.0,4.968
2161,100.0,21.0,2161.0,15.0,15.0,0.0,4.968
2162,100.0,21.0,2162.0,15.0,15.0,0.0,4.968
2163,100.0,21.0,2163.0,15.0,15.0,0.0,4.968
2164,100.0,21.0,2164.0,15.0,15.0,0.0,4.968
2165,100.0,21.0,2165.0,15.0,15.0,0.0,4.968
2166,100.0,21.0,2166.0,15.0,15.0,0.0,4.968
2167,100.0,21.0,2167.0,15.0,15.0,0.0,4.968
2168,100.0,21.0,2168.0,15.0,15.0,0.0,4.968
2169,100.0,21.0,2169.0,15.0,15.0,0.0,4.968
2170,100.0,21.0,2170.0,15.0,15.0,0.0,4.968
2171,100.0,21.0,2171.0,15.0,15.0,0.0,4.968
2172,100.0,21.0,2172.0,15.0,15.0,0.0,4.968
2173,100.0,21.0,2173.0,15.0,15.0,0.0,4.968
2174,100.0,21.0,2174.0,15.0,15.0,0.0,4.968
2175,100.0,21.0,2175.0,15.0,15.0,0.0,4.968
2176,100.0,21.0,2176.0,15.0,15.0,5.46875,4.968
2177,100.0,21.0,2177.0,15.0,15.0,0.0,4.968
2178,100.0,21.0,2178.0,15.0,15.0,0.0,4.968
2179,100.0,21.0,2179.0,15.0,15.0,0.0,4.968
2180,100.0,21.0,2180.0,15.0,15.0,0.0,4.968
2181,100.0,21.0,2181.0,15.0,15.0,0.0,4.968
2182,100.0,21.0,2182.0,15.0,15.0,0.0,4.968
2183,100.0,21.0,2183.0,15.0,15.0,0.0,4.968
2184,100.0,21.0,2184.0,15.0,15.0,0.0,4.968
2185,100.0,21.0,2185.0,15.0,15.0,0.0,4.968
2186,100.0,21.0,2186.0,15.0,15.0,0.0,4.968
2187,100.0,21.0,2187.0,15.0,15.0,0.0,4.968
2188,100.0,21.0,2188.0,15.0,15.0,0.0,4.968
2189,100.0,21.0,2189.0,15.0,15.0,0.0,4.968
2190,100.0,21.0,2190.0,15.0,15.0,0.0,4.968
2191,100.0,21.0,2191.0,15.0,15.0,0.0,4.968
2192,100.0,21.0,2192.0,15.0,15.0,0.0,4.968
2193,100.0,21.0,2193.0,15.0,15.0,0.0,4.968
2194,100.0,21.0,2194.0,15.0,15.0,0.0,4.968
2195,100.0,21.0,2195.0,15.0,15.0,0.0,4.968
2196,100.0,21.0,2196.0,15.0,15.0,0.0,4.968
2197,100.0,21.0,2197.0,15.0,15.0,0.0,4.968
2198,100.0,21.0,2198.0,15.0,15.0,0.0,4.968
2199,100.0,21.0,2199.0,15.0,15.0,0.0,4.968
2200,100.0,22.0,2200.0,15.0,15.0,0.0,4.968
2201,100.0,22.0,2201.0,15.0,15.0,0.0,4.968
2202,100.0,22.0,2202.0,15.0,15.0,0.0,4.968
2203,100.0,22.0,2203.0,15.0,15.0,0.0,4.968
2204,100.0,22.0,2204.0,15.0,15.0,0.0,4.968
2205,100.0,22.0,2205.0,15.0,15.0,0.0,4.968
2206,100.0,22.0,2206.0,15.0,15.0,0.0,4.968
2207,100.0,22.0,2207.0,15.0,15.0,0.0,4.968
2208,100.0,22.0,2208.0,15.0,15.0,0.0,4.968
2209,100.0,22.0,2209.0,15.0,15.0,0.0,4.968
2210,100.0,22.0,2210.0,15.0,15.0,0.0,4.968
2211,100.0,22.0,2211.0,15.0,15.0,0.0,4.968
2212,100.0,22.0,2212.0,15.0,15.0,0.0,4.968
2213,100.0,22.0,2213.0,15.0,15.0,0.0,4.968
2214,100.0,22.0,2214.0,15.0,15.0,0.0,4.968
2215,100.0,22.0,2215.0,15.0,15.0,0.0,4.968
2216,100.0,22.0,2216.0,15.0,15.0,0.0,4.968
2217,100.0,22.0,2217.0,15.0,15.0,0.0,4.968
2218,100.0,22.0,2218.0,15.0,15.0,0.0,4.968
2219,100.0,22.0,2219.0,15.0,15.0,0.0,4.968
2220,100.0,22.0,2220.0,15.0,15.0,0.0,4.968
2221,100.0,22.0,2221.0,15.0,15.0,0.0,4.968
2222,100.0,22.0,2222.0,15.0,15.0,0.0,4.968
2223,100.0,22.0,2223.0,15.0,15.0,0.0,4.968
2224,100.0,22.0,2224.0,15.0,15.0,0.0,4.968
2225,100.0,22.0,2225.0,15.0,15.0,0.0,4.968
2226,100.0,22.0,2226.0,15.0,15.0,0.0,4.968
2227,100.0,22.0,2227.0,15.0,15.0,0.0,4.968
2228,100.0,22.0,2228.0,15.0,15.0,0.0,4.968
2229,100.0,22.0,2229.0,15.0,15.0,0.0,4.968
2230,100.0,22.0,2230.0,15.0,15.0,0.0,4.968
2231,100.0,22.0,2231.0,15.0,15.0,0.0,4.968
2232,100.0,22.0,2232.0,15.0,15.0,0.0,4.968
2233,100.0,22.0,2233.0,15.0,15.0,0.0,4.968
2234,100.0,22.0,2234.0,15.0,15.0,0.0,4.968
2235,100.0,22.0,2235.0,15.0,15.0,0.0,4.968
2236,100.0,22.0,2236.0,15.0,15.0,0.0,4.968
2237,100.0,22.0,2237.0,15.0,15.0,0.0,4.968
2238,100.0,22.0,2238.0,15.0,15.0,0.0,4.968
2239,100.0,22.0,2239.0,15.0,15.0,0.0,4.968
2240,100.0,22.0,2240.0,15.0,15.0,0.0,4.968
2241,100.0,22.0,2241.0,15.0,15.0,0.0,4.968
2242,100.0,22.0,2242.0,15.0,15.0,0.0,4.968
2243,100.0,22.0,2243.0,15.0,15.0,0.0,4.968
2244,100.0,22.0,2244.0,15.0,15.0,0.0,4.968
2245,100.0,22.0,2245.0,15.0,15.0,0.0,4.968
2246,100.0,22.0,2246.0,15.0,15.0,0.0,4.968
2247,100.0,22.0,2247.0,15.0,15.0,0.0,4.968
2248,100.0,22.0,2248.0,15.0,15.0,0.0,4.968
2249,100.0,22.0,2249.0,15.0,15.0,0.0,4.968
2250,100.0,22.0,2250.0,15.0,15.0,0.0,4.968
2251,100.0,22.0,2251.0,15.0,15.0,0.0,4.968
2252,100.0,22.0,2252.0,15.0,15.0,0.0,4.968
2253,100.0,22.0,2253.0,15.0,15.0,0.0,4.968
2254,100.0,22.0,2254.0,15.0,15.0,0.0,4.968
2255,100.0,22.0,2255.0,15.0,15.0,0.0,4.968
2256,100.0,22.0,2256.0,15.0,15.0,0.0,4.968
2257,100.0,22.0,2257.0,15.0,15.0,0.0,4.968
2258,100.0,22.0,2258.0,15.0,15.0,0.0,4.968
2259,100.0,22.0,2259.0,15.0,15.0,0.0,4.968
2260,100.0,22.0,2260.0,15.0,15.0,0.0,4.968
2261,100.0,22.0,2261.0,15.0,15.0,0.0,4.968
2262,100.0,22.0,2262.0,15.0,15.0,0.0,4.968
2263,100.0,22.0,2263.0,15.0,15.0,0.0,4.968
2264,100.0,22.0,2264.0,15.0,15.0,0.0,4.968
2265,100.0,22.0,2265.0,15.0,15.0,0.0,4.968
2266,100.0,22.0,2266.0,15.0,15.0,0.0,4.968
2267,100.0,22.0,2267.0,15.0,15.0,0.0,4.968
2268,100.0,22.0,2268.0,15.0,15.0,0.0,4.968
2269,100.0,22.0,2269.0,15.0,15.0,0.0,4.968
2270,100.0,22.0,2270.0,15.0,15.0,0.0,4.968
2271,100.0,22.0,2271.0,15.0,15.0,0.0,4.968
2272,100.0,22.0,2272.0,15.0,15.0,0.0,4.968
2273,100.0,22.0,2273.0,15.0,15.0,0.0,4.968
2274,100.0,22.0,2274.0,15.0,15.0,0.0,4.968
2275,100.0,22.0,2275.0,15.0,15.0,0.0,4.968
2276,100.0,22.0,2276.0,15.0,15.0,0.0,4.968
2277,100.0,22.0,2277.0,15.0,15.0,0.0,4.968
2278,100.0,22.0,2278.0,15.0,15.0,0.0,4.968
2279,100.0,22.0,2279.0,15.0,15.0,0.0,4.968
2280,100.0,22.0,2280.0,15.0,15.0,0.0,4.968
2281,100.0,22.0,2281.0,15.0,15.0,0.0,4.968
2282,100.0,22.0,2282.0,15.0,15.0,0.0,4.968
2283,100.0,22.0,2283.0,15.0,15.0,0.0,4.968
2284,100.0,22.0,2284.0,15.0,15.0,0.0,4.968
2285,100.0,22.0,2285.0,15.0,15.0,0.0,4.968
2286,100.0,22.0,2286.0,15.0,15.0,0.0,4.968
2287,100.0,22.0,2287.0,15.0,15.0,0.0,4.968
2288,100.0,22.0,2288.0,15.0,15.0,0.0,4.968
2289,100.0,22.0,2289.0,15.0,15.0,0.0,4.968
2290,100.0,22.0,2290.0,15.0,15.0,0.0,4.968
2291,100.0,22.0,2291.0,15.0,15.0,0.0,4.968
2292,100.0,22.0,2292.0,15.0,15.0,0.0,4.968
2293,100.0,22.0,2293.0,15.0,15.0,0.0,4.968
2294,100.0,22.0,2294.0,15.0,15.0,0.0,4.968
2295,100.0,22.0,2295.0,15.0,15.0,0.0,4.968
2296,100.0,22.0,2296.0,15.0,15.0,0.0,4.968
2297,100.0,22.0,2297.0,15.0,15.0,0.0,4.968
2298,100.0,22.0,2298.0,15.0,15.0,0.0,4.968
2299,100.0,22.0,2299.0,15.0,15.0,0.0,4.968
2300,100.0,23.0,2300.0,15.0,15.0,0.0,4.968
2301,100.0,23.0,2301.0,15.0,15.0,0.0,4.968
2302,100.0,23.0,2302.0,15.0,15.0,0.0,4.968
2303,100.0,23.0,2303.0,15.0,15.0,0.0,4.968
2304,100.0,23.0,2304.0,15.0,15.0,0.0,4.968
2305,100.0,23.0,2305.0,15.0,15.0,0.0,4.968
2306,100.0,23.0,2306.0,15.0,15.0,0.0,4.968
2307,100.0,23.0,2307.0,15.0,15.0,0.0,4.968
2308,100.0,23.0,2308.0,15.0,15.0,0.0,4.968
2309,100.0,23.0,2309.0,15.0,15.0,0.0,4.968
2310,100.0,23.0,2310.0,15.0,15.0,0.0,4.968
2311,100.0,23.0,2311.0,15.0,15.0,0.0,4.968
2312,100.0,23.0,2312.0,15.0,15.0,0.0,4.968
2313,100.0,23.0,2313.0,15.0,15.0,0.0,4.968
2314,100.0,23.0,2314.0,15.0,15.0,0.0,4.968
2315,100.0,23.0,2315.0,15.0,15.0,0.0,4.968
2316,100.0,23.0,2316.0,15.0,15.0,0.0,4.968
2317,100.0,23.0,2317.0,15.0,15.0,0.0,4.968
2318,100.0,23.0,2318.0,15.0,15.0,0.0,4.968
2319,100.0,23.0,2319.0,15.0,15.0,0.0,4.968
2320,100.0,23.0,2320.0,15.0,15.0,0.0,4.968
2321,100.0,23.0,2321.0,15.0,15.0,0.0,4.968
2322,100.0,23.0,2322.0,15.0,15.0,0.0,4.968
2323,100.0,23.0,2323.0,15.0,15.0,0.0,4.968
2324,100.0,23.0,2324.0,15.0,15.0,0.0,4.968
2325,100.0,23.0,2325.0,15.0,15.0,0.0,4.968
2326,100.0,23.0,2326.0,15.0,15.0,0.0,4.968
2327,100.0,23.0,2327.0,15.0,15.0,0.0,4.968
2328,100.0,23.0,2328.0,15.0,15.0,0.0,4.968
2329,100.0,23.0,2329.0,15.0,15.0,0.0,4.968
2330,100.0,23.0,2330.0,15.0,15.0,0.0,4.968
2331,100.0,23.0,2331.0,15.0,15.0,0.0,4.968
2332,100.0,23.0,2332.0,15.0,15.0,0.0,4.968
2333,100.0,23.0,2333.0,15.0,15.0,0.0,4.968
2334,100.0,23.0,2334.0,15.0,15.0,0.0,4.968
2335,100.0,23.0,2335.0,15.0,15.0,0.0,4.968
2336,100.0,23.0,2336.0,15.0,15.0,0.0,4.968
2337,100.0,23.0,2337.0,15.0,15.0,0.0,4.968
2338,100.0,23.0,2338.0,15.0,15.0,0.0,4.968
2339,100.0,23.0,2339.0,15.0,15.0,0.0,4.968
2340,100.0,23.0,2340.0,15.0,15.0,0.0,4.968
2341,100.0,23.0,2341.0,15.0,15.0,0.0,4.968
2342,100.0,23.0,2342.0,15.0,15.0,0.0,4.968
2343,100.0,23.0,2343.0,15.0,15.0,0.0,4.968
2344,100.0,23.0,2344.0,15.0,15.0,0.0,4.968
2345,100.0,23.0,2345.0,15.0,15.0,0.0,4.968
2346,100.0,23.0,2346.0,15.0,15.0,0.0,4.968
2347,100.0,23.0,2347.0,15.0,15.0,0.0,4.968
2348,100.0,23.0,2348.0,15.0,15.0,0.0,4.968
2349,100.0,23.0,2349.0,15.0,15.0,0.0,4.968
2350,100.0,23.0,2350.0,15.0,15.0,0.0,4.968
2351,100.0,23.0,2351.0,15.0,15.0,0.0,4.968
2352,100.0,23.0,2352.0,15.0,15.0,0.0,4.968
2353,100.0,23.0,2353.0,15.0,15.0,0.0,4.968
2354,100.0,23.0,2354.0,15.0,15.0,0.0,4.968
2355,100.0,23.0,2355.0,15.0,15.0,0.0,4.968
2356,100.0,23.0,2356.0,15.0,15.0,0.0,4.968
2357,100.0,23.0,2357.0,15.0,15.0,0.0,4.968
2358,100.0,23.0,2358.0,15.0,15.0,0.0,4.968
2359,100.0,23.0,2359.0,15.0,15.0,0.0,4.968
2360,100.0,23.0,2360.0,15.0,15.0,0.0,4.968
2361,100.0,23.0,2361.0,15.0,15.0,0.0,4.968
2362,100.0,23.0,2362.0,15.0,15.0,0.0,4.968
2363,100.0,23.0,2363.0,15.0,15.0,0.0,4.968
2364,100.0,23.0,2364.0,15.0,15.0,0.0,4.968
2365,100.0,23.0,2365.0,15.0,15.0,0.0,4.968
2366,100.0,23.0,2366.0,15.0,15.0,0.0,4.968
2367,100.0,23.0,2367.0,15.0,15.0,0.0,4.968
2368,100.0,23.0,2368.0,15.0,15.0,0.0,4.968
2369,100.0,23.0,2369.0,15.0,15.0,0.0,4.968
2370,100.0,23.0,2370.0,15.0,15.0,0.0,4.968
2371,100.0,23.0,2371.0,15.0,15.0,0.0,4.968
2372,100.0,23.0,2372.0,15.0,15.0,0.0,4.968
2373,100.0,23.0,2373.0,15.0,15.0,0.0,4.968
2374,100.0,23.0,2374.0,15.0,15.0,0.0,4.968
2375,100.0,23.0,2375.0,15.0,15.0,0.0,4.968
2376,100.0,23.0,2376.0,15.0,15.0,0.0,4.968
2377,100.0,23.0,2377.0,15.0,15.0,0.0,4.968
2378,100.0,23.0,2378.0,15.0,15.0,0.0,4.968
2379,100.0,23.0,2379.0,15.0,15.0,0.0,4.968
2380,100.0,23.0,2380.0,15.0,15.0,0.0,4.968
2381,100.0,23.0,2381.0,15.0,15.0,0.0,4.968
2382,100.0,23.0,2382.0,15.0,15.0,0.0,4.968
2383,100.0,23.0,2383.0,15.0,15.0,0.0,4.968
2384,100.0,23.0,2384.0,15.0,15.0,0.0,4.968
2385,100.0,23.0,2385.0,15.0,15.0,0.0,4.968
2386,100.0,23.0,2386.0,15.0,15.0,0.0,4.968
2387,100.0,23.0,2387.0,15.0,15.0,0.0,4.968
2388,100.0,23.0,2388.0,15.0,15.0,0.0,4.968
2389,100.0,23.0,2389.0,15.0,15.0,0.0,4.968
2390,100.0,23.0,2390.0,15.0,15.0,0.0,4.968
2391,100.0,23.0,2391.0,15.0,15.0,0.0,4.968
2392,100.0,23.0,2392.0,15.0,15.0,0.0,4.968
2393,100.0,23.0,2393.0,15.0,15.0,0.0,4.968
2394,100.0,23.0,2394.0,15.0,15.0,0.0,4.968
2395,100.0,23.0,2395.0,15.0,15.0,0.0,4.968
2396,100.0,23.0,2396.0,15.0,15.0,0.0,4.968
2397,100.0,23.0,2397.0,15.0,15.0,0.0,4.968
2398,100.0,23.0,2398.0,15.0,15.0,0.0,4.968
2399,100.0,23.0,2399.0,15.0,15.0,0.0,4.968
2400,100.0,24.0,2400.0,15.0,15.0,0.0,4.968
2401,100.0,24.0,2401.0,15.0,15.0,0.0,4.968
2402,100.0,24.0,2402.0,15.0,15.0,0.0,4.968
2403,100.0,24.0,2403.0,15.0,15.0,0.0,4.968
2404,100.0,24.0,2404.0,15.0,15.0,0.0,4.968
2405,100.0,24.0,2405.0,15.0,15.0,0.0,4.968
2406,100.0,24.0,2406.0,15.0,15.0,0.0,4.968
2407,100.0,24.0,2407.0,15.0,15.0,0.0,4.968
2408,100.0,24.0,2408.0,15.0,15.0,0.0,4.968
2409,100.0,24.0,2409.0,15.0,15.0,0.0,4.968
2410,100.0,24.0,2410.0,15.0,15.0,0.0,4.968
2411,100.0,24.0,2411.0,15.0,15.0,0.0,4.968
2412,100.0,24.0,2412.0,15.0,15.0,0.0,4.968
2413,100.0,24.0,2413.0,15.0,15.0,0.0,4.968
2414,100.0,24.0,2414.0,15.0,15.0,0.0,4.968
2415,100.0,24.0,2415.0,15.0,15.0,0.0,4.968
2416,100.0,24.0,2416.0,15.0,15.0,0.0,4.968
2417,100.0,24.0,2417.0,15.0,15.0,0.0,4.968
2418,100.0,24.0,2418.0,15.0,15.0,0.0,4.968
2419,100.0,24.0,2419.0,15.0,15.0,0.0,4.968
2420,100.0,24.0,2420.0,15.0,15.0,0.0,4.968
2421,100.0,24.0,2421.0,15.0,15.0,0.0,4.968
2422,100.0,24.0,2422.0,15.0,15.0,0.0,4.968
2423,100.0,24.0,2423.0,15.0,15.0,0.0,4.968
2424,100.0,24.0,2424.0,15.0,15.0,0.0,4.968
2425,100.0,24.0,2425.0,15.0,15.0,0.0,4.968
2426,100.0,24.0,2426.0,15.0,15.0,0.0,4.968
2427,100.0,24.0,2427.0,15.0,15.0,0.0,4.968
2428,100.0,24.0,2428.0,15.0,15.0,0.0,4.968
2429,100.0,24.0,2429.0,15.0,15.0,0.0,4.968
2430,100.0,24.0,2430.0,15.0,15.0,0.0,4.968
2431,100.0,24.0,2431.0,15.0,15.0,0.0,4.968
2432,100.0,24.0,2432.0,15.0,15.0,0.0,4.968
2433,100.0,24.0,2433.0,15.0,15.0,0.0,4.968
2434,100.0,24.0,2434.0,15.0,15.0,0.0,4.968
2435,100.0,24.0,2435.0,15.0,15.0,0.0,4.968
2436,100.0,24.0,2436.0,15.0,15.0,0.0,4.968
2437,100.0,24.0,2437.0,15.0,15.0,0.0,4.968
2438,100.0,24.0,2438.0,15.0,15.0,0.0,4.968
2439,100.0,24.0,2439.0,15.0,15.0,0.0,4.968
2440,100.0,24.0,2440.0,15.0,15.0,0.0,4.968
2441,100.0,24.0,2441.0,15.0,15.0,0.0,4.968
2442,100.0,24.0,2442.0,15.0,15.0,0.0,4.968
2443,100.0,24.0,2443.0,15.0,15.0,0.0,4.968
2444,100.0,24.0,2444.0,15.0,15.0,0.0,4.968
2445,100.0,24.0,2445.0,15.0,15.0,0.0,4.968
2446,100.0,24.0,2446.0,15.0,15.0,0.0,4.968
2447,100.0,24.0,2447.0,15.0,15.0,0.0,4.968
2448,100.0,24.0,2448.0,15.0,15.0,0.0,4.968
2449,100.0,24.0,2449.0,15.0,15.0,0.0,4.968
2450,100.0,24.0,2450.0,15.0,15.0,0.0,4.968
2451,100.0,24.0,2451.0,15.0,15.0,0.0,4.968
2452,100.0,24.0,2452.0,15.0,15.0,0.0,4.968
2453,100.0,24.0,2453.0,15.0,15.0,0.0,4.968
2454,100.0,24.0,2454.0,15.0,15.0,0.0,4.968
2455,100.0,24.0,2455.0,15.0,15.0,0.0,4.968
2456,100.0,24.0,2456.0,15.0,15.0,0.0,4.968
2457,100.0,24.0,2457.0,15.0,15.0,0.0,4.968
2458,100.0,24.0,2458.0,15.0,15.0,0.0,4.968
2459,100.0,24.0,2459.0,15.0,15.0,0.0,4.968
2460,100.0,24.0,2460.0,15.0,15.0,0.0,4.968
2461,100.0,24.0,2461.0,15.0,15.0,0.0,4.968
2462,100.0,24.0,2462.0,15.0,15.0,0.0,4.968
2463,100.0,24.0,2463.0,15.0,15.0,0.0,4.968
2464,100.0,24.0,2464.0,15.0,15.0,0.0,4.968
2465,100.0,24.0,2465.0,15.0,15.0,0.0,4.968
2466,100.0,24.0,2466.0,15.0,15.0,0.0,4.968
2467,100.0,24.0,2467.0,15.0,15.0,0.0,4.968
2468,100.0,24.0,2468.0,15.0,15.0,0.0,4.968
2469,100.0,24.0,2469.0,15.0,15.0,0.0,4.968
2470,100.0,24.0,2470.0,15.0,15.0,0.0,4.968
2471,100.0,24.0,2471.0,15.0,15.0,0.0,4.968
2472,100.0,24.0,2472.0,15.0,15.0,0.0,4.968
2473,100.0,24.0,2473.0,15.0,15.0,0.0,4.968
2474,100.0,24.0,2474.0,15.0,15.0,0.0,4.968
2475,100.0,24.0,2475.0,15.0,15.0,0.0,4.968
2476,100.0,24.0,2476.0,15.0,15.0,0.0,4.968
2477,100.0,24.0,2477.0,15.0,15.0,0.0,4.968
2478,100.0,24.0,2478.0,15.0,15.0,0.0,4.968
2479,100.0,24.0,2479.0,15.0,15.0,0.0,4.968
2480,100.0,24.0,2480.0,15.0,15.0,0.0,4.968
2481,100.0,24.0,2481.0,15.0,15.0,0.0,4.968
2482,100.0,24.0,2482.0,15.0,15.0,0.0,4.968
2483,100.0,24.0,2483.0,15.0,15.0,0.0,4.968
2484,100.0,24.0,2484.0,15.0,15.0,0.0,4.968
2485,100.0,24.0,2485.0,15.0,15.0,0.0,4.968
2486,100.0,24.0,2486.0,15.0,15.0,0.0,4.968
2487,100.0,24.0,2487.0,15.0,15.0,0.0,4.968
2488,100.0,24.0,2488.0,15.0,15.0,0.0,4.968
2489,100.0,24.0,2489.0,15.0,15.0,0.0,4.968
2490,100.0,24.0,2490.0,15.0,15.0,0.0,4.968
2491,100.0,24.0,2491.0,15.0,15.0,0.0,4.968
2492,100.0,24.0,2492.0,15.0,15.0,0.0,4.968
2493,100.0,24.0,2493.0,15.0,15.0,0.0,4.968
2494,100.0,24.0,2494.0,15.0,15.0,0.0,4.968
2495,100.0,24.0,2495.0,15.0,15.0,0.0,4.968
2496,100.0,24.0,2496.0,15.0,15.0,0.0,4.968
2497,100.0,24.0,2497.0,15.0,15.0,0.0,4.968
2498,100.0,24.0,2498.0,15.0,15.0,0.0,4.968
2499,100.0,24.0,2499.0,15.0,15.0,0.0,4.968
2500,100.0,25.0,2500.0,15.0,15.0,0.0,4.968
2501,100.0,25.0,2501.0,15.0,15.0,0.0,4.968
2502,100.0,25.0,2502.0,15.0,15.0,0.0,4.968
2503,100.0,25.0,2503.0,15.0,15.0,0.0,4.968
2504,100.0,25.0,2504.0,15.0,15.0,0.0,4.968
2505,100.0,25.0,2505.0,15.0,15.0,0.0,4.968
2506,100.0,25.0,2506.0,15.0,15.0,0.0,4.968
2507,100.0,25.0,2507.0,15.0,15.0,0.0,4.968
2508,100.0,25.0,2508.0,15.0,15.0,0.0,4.968
2509,100.0,25.0,2509.0,15.0,15.0,0.0,4.968
2510,100.0,25.0,2510.0,15.0,15.0,0.0,4.968
2511,100.0,25.0,2511.0,15.0,15.0,0.0,4.968
2512,100.0,25.0,2512.0,15.0,15.0,0.0,4.968
2513,100.0,25.0,2513.0,15.0,15.0,0.0,4.968
2514,100.0,25.0,2514.0,15.0,15.0,0.0,4.968
2515,100.0,25.0,2515.0,15.0,15.0,0.0,4.968
2516,100.0,25.0,2516.0,15.0,15.0,0.0,4.968
2517,100.0,25.0,2517.0,15.0,15.0,0.0,4.968
2518,100.0,25.0,2518.0,15.0,15.0,0.0,4.968
2519,100.0,25.0,2519.0,15.0,15.0,0.0,4.968
2520,100.0,25.0,2520.0,15.0,15.0,0.0,4.968
2521,100.0,25.0,2521.0,15.0,15.0,0.0,4.968
2522,100.0,25.0,2522.0,15.0,15.0,0.0,4.968
2523,100.0,25.0,2523.0,15.0,15.0,0.0,4.968
2524,100.0,25.0,2524.0,15.0,15.0,0.0,4.968
2525,100.0,25.0,2525.0,15.0,15.0,0.0,4.968
2526,100.0,25.0,2526.0,15.0,15.0,0.0,4.968
2527,100.0,25.0,2527.0,15.0,15.0,0.0,4.968
2528,100.0,25.0,2528.0,15.0,15.0,0.0,4.968
2529,100.0,25.0,2529.0,15.0,15.0,0.0,4.968
2530,100.0,25.0,2530.0,15.0,15.0,0.0,4.968
2531,100.0,25.0,2531.0,15.0,15.0,0.0,4.968
2532,100.0,25.0,2532.0,15.0,15.0,0.0,4.968
2533,100.0,25.0,2533.0,15.0,15.0,0.0,4.968
2534,100.0,25.0,2534.0,15.0,15.0,0.0,4.968
2535,100.0,25.0,2535.0,15.0,15.0,0.0,4.968
2536,100.0,25.0,2536.0,15.0,15.0,0.0,4.968
2537,100.0,25.0,2537.0,15.0,15.0,0.0,4.968
2538,100.0,25.0,2538.0,15.0,15.0,0.0,4.968
2539,100.0,25.0,2539.0,15.0,15.0,0.0,4.968
2540,100.0,25.0,2540.0,15.0,15.0,0.0,4.968
2541,100.0,25.0,2541.0,15.0,15.0,0.0,4.968
2542,100.0,25.0,2542.0,15.0,15.0,0.0,4.968
2543,100.0,25.0,2543.0,15.0,15.0,0.0,4.968
2544,100.0,25.0,2544.0,15.0,15.0,0.0,4.968
2545,100.0,25.0,2545.0,15.0,15.0,0.0,4.968
2546,100.0,25.0,2546.0,15.0,15.0,0.0,4.968
2547,100.0,25.0,2547.0,15.0,15.0,0.0,4.968
2548,100.0,25.0,2548.0,15.0,15.0,0.0,4.968
2549,100.0,25.0,2549.0,15.0,15.0,0.0,4.968
2550,100.0,25.0,2550.0,15.0,15.0,0.0,4.968
2551,100.0,25.0,2551.0,15.0,15.0,0.0,4.968
2552,100.0,25.0,2552.0,15.0,15.0,0.0,4.968
2553,100.0,25.0,2553.0,15.0,15.0,0.0,4.968
2554,100.0,25.0,2554.0,15.0,15.0,0.0,4.968
2555,100.0,25.0,2555.0,15.0,15.0,0.0,4.968
2556,100.0,25.0,2556.0,15.0,15.0,0.0,4.968
2557,100.0,25.0,2557.0,15.0,15.0,0.0,4.968
2558,100.0,25.0,2558.0,15.0,15.0,0.0,4.968
2559,100.0,25.0,2559.0,15.0,15.0,0.0,4.968
2560,100.0,25.0,2560.0,15.0,15.0,0.0,4.968
2561,100.0,25.0,2561.0,15.0,15.0,0.0,4.968
2562,100.0,25.0,2562.0,15.0,15.0,0.0,4.968
2563,100.0,25.0,2563.0,15.0,15.0,0.0,4.968
2564,100.0,25.0,2564.0,15.0,15.0,0.0,4.968
2565,100.0,25.0,2565.0,15.0,15.0,0.0,4.968
2566,100.0,25.0,2566.0,15.0,15.0,0.0,4.968
2567,100.0,25.0,2567.0,15.0,15.0,0.0,4.968
2568,100.0,25.0,2568.0,15.0,15.0,0.0,4.968
2569,100.0,25.0,2569.0,15.0,15.0,0.0,4.968
2570,100.0,25.0,2570.0,15.0,15.0,0.0,4.968
2571,100.0,25.0,2571.0,15.0,15.0,0.0,4.968
2572,100.0,25.0,2572.0,15.0,15.0,0.0,4.968
2573,100.0,25.0,2573.0,15.0,15.0,0.0,4.968
2574,100.0,25.0,2574.0,15.0,15.0,0.0,4.968
2575,100.0,25.0,2575.0,15.0,15.0,0.0,4.968
2576,100.0,25.0,2576.0,15.0,15.0,0.0,4.968
2577,100.0,25.0,2577.0,15.0,15.0,0.0,4.968
2578,100.0,25.0,2578.0,15.0,15.0,0.0,4.968
2579,100.0,25.0,2579.0,15.0,15.0,0.0,4.968
2580,100.0,25.0,2580.0,15.0,15.0,0.0,4.968
2581,100.0,25.0,2581.0,15.0,15.0,0.0,4.968
2582,100.0,25.0,2582.0,15.0,15.0,0.0,4.968
2583,100.0,25.0,2583.0,15.0,15.0,0.0,4.968
2584,100.0,25.0,2584.0,15.0,15.0,0.0,4.968
2585,100.0,25.0,2585.0,15.0,15.0,0.0,4.968
2586,100.0,25.0,2586.0,15.0,15.0,0.0,4.968
2587,100.0,25.0,2587.0,15.0,15.0,0.0,4.968
2588,100.0,25.0,2588.0,15.0,15.0,0.0,4.968
2589,100.0,25.0,2589.0,15.0,15.0,0.0,4.968
2590,100.0,25.0,2590.0,15.0,15.0,0.0,4.968
2591,100.0,25.0,2591.0,15.0,15.0,0.0,4.968
2592,100.0,25.0,2592.0,15.0,15.0,0.0,4.968
2593,100.0,25.0,2593.0,15.0,15.0,0.0,4.968
2594,100.0,25.0,2594.0,15.0,15.0,0.0,4.968
2595,100.0,25.0,2595.0,15.0,15.0,0.0,4.968
2596,100.0,25.0,2596.0,15.0,15.0,0.0,4.968
2597,100.0,25.0,2597.0,15.0,15.0,0.0,4.968
2598,100.0,25.0,2598.0,15.0,15.0,0.0,4.968
2599,100.0,25.0,2599.0,15.0,15.0,0.0,4.968
2600,100.0,26.0,2600.0,15.0,15.0,0.0,4.968
2601,100.0,26.0,2601.0,15.0,15.0,0.0,4.968
2602,100.0,26.0,2602.0,15.0,15.0,0.0,4.968
2603,100.0,26.0,2603.0,15.0,15.0,0.0,4.968
2604,100.0,26.0,2604.0,15.0,15.0,0.0,4.968
2605,100.0,26.0,2605.0,15.0,15.0,0.0,4.968
2606,100.0,26.0,2606.0,15.0,15.0,0.0,4.968
2607,100.0,26.0,2607.0,15.0,15.0,0.0,4.968
2608,100.0,26.0,2608.0,15.0,15.0,0.0,4.968
2609,100.0,26.0,2609.0,15.0,15.0,0.0,4.968
2610,100.0,26.0,2610.0,15.0,15.0,0.0,4.968
2611,100.0,26.0,2611.0,15.0,15.0,0.0,4.968
2612,100.0,26.0,2612.0,15.0,15.0,0.0,4.968
2613,100.0,26.0,2613.0,15.0,15.0,0.0,4.968
2614,100.0,26.0,2614.0,15.0,15.0,0.0,4.968
2615,100.0,26.0,2615.0,15.0,15.0,0.0,4.968
2616,100.0,26.0,2616.0,15.0,15.0,0.0,4.968
2617,100.0,26.0,2617.0,15.0,15.0,0.0,4.968
2618,100.0,26.0,2618.0,15.0,15.0,0.0,4.968
2619,100.0,26.0,2619.0,15.0,15.0,0.0,4.968
2620,100.0,26.0,2620.0,15.0,15.0,0.0,4.968
2621,100.0,26.0,2621.0,15.0,15.0,0.0,4.968
2622,100.0,26.0,2622.0,15.0,15.0,0.0,4.968
2623,100.0,26.0,2623.0,15.0,15.0,0.0,4.968
2624,100.0,26.0,2624.0,15.0,15.0,0.0,4.968
2625,100.0,26.0,2625.0,15.0,15.0,0.0,4.968
2626,100.0,26.0,2626.0,15.0,15.0,0.0,4.968
2627,100.0,26.0,2627.0,15.0,15.0,0.0,4.968
2628,100.0,26.0,2628.0,15.0,15.0,0.0,4.968
2629,100.0,26.0,2629.0,15.0,15.0,0.0,4.968
2630,100.0,26.0,2630.0,15.0,15.0,0.0,4.968
2631,100.0,26.0,2631.0,15.0,15.0,0.0,4.968
2632,100.0,26.0,2632.0,15.0,15.0,0.0,4.968
2633,100.0,26.0,2633.0,15.0,15.0,0.0,4.968
2634,100.0,26.0,2634.0,15.0,15.0,0.0,4.968
2635,100.0,26.0,2635.0,15.0,15.0,0.0,4.968
2636,100.0,26.0,2636.0,15.0,15.0,0.0,4.968
2637,100.0,26.0,2637.0,15.0,15.0,0.0,4.968
2638,100.0,26.0,2638.0,15.0,15.0,0.0,4.968
2639,100.0,26.0,2639.0,15.0,15.0,0.0,4.968
2640,100.0,26.0,2640.0,15.0,15.0,0.0,4.968
2641,100.0,26.0,2641.0,15.0,15.0,0.0,4.968
2642,100.0,26.0,2642.0,15.0,15.0,0.0,4.968
2643,100.0,26.0,2643.0,15.0,15.0,0.0,4.968
2644,100.0,26.0,2644.0,15.0,15.0,0.0,4.968
2645,100.0,26.0,2645.0,15.0,15.0,0.0,4.968
2646,100.0,26.0,2646.0,15.0,15.0,0.0,4.968
2647,100.0,26.0,2647.0,15.0,15.0,0.0,4.968
2648,100.0,26.0,2648.0,15.0,15.0,0.0,4.968
2649,100.0,26.0,2649.0,15.0,15.0,0.0,4.968
2650,100.0,26.0,2650.0,15.0,15.0,0.0,4.968
2651,100.0,26.0,2651.0,15.0,15.0,0.0,4.968
2652,100.0,26.0,2652.0,15.0,15.0,0.0,4.968
2653,100.0,26.0,2653.0,15.0,15.0,0.0,4.968
2654,100.0,26.0,2654.0,15.0,15.0,0.0,4.968
2655,100.0,26.0,2655.0,15.0,15.0,0.0,4.968
2656,100.0,26.0,2656.0,15.0,15.0,0.0,4.968
2657,100.0,26.0,2657.0,15.0,15.0,0.0,4.968
2658,100.0,26.0,2658.0,15.0,15.0,0.0,4.968
2659,100.0,26.0,2659.0,15.0,15.0,0.0,4.968
2660,100.0,26.0,2660.0,15.0,15.0,0.0,4.968
2661,100.0,26.0,2661.0,15.0,15.0,0.0,4.968
2662,100.0,26.0,2662.0,15.0,15.0,0.0,4.968
2663,100.0,26.0,2663.0,15.0,15.0,0.0,4.968
2664,100.0,26.0,2664.0,15.0,15.0,0.0,4.968
2665,100.0,26.0,2665.0,15.0,15.0,0.0,4.968
2666,100.0,26.0,2666.0,15.0,15.0,0.0,4.968
2667,100.0,26.0,2667.0,15.0,15.0,0.0,4.968
2668,100.0,26.0,2668.0,15.0,15.0,0.0,4.968
2669,100.0,26.0,2669.0,15.0,15.0,0.0,4.968
2670,100.0,26.0,2670.0,15.0,15.0,0.0,4.968
2671,100.0,26.0,2671.0,15.0,15.0,0.0,4.968
2672,100.0,26.0,2672.0,15.0,15.0,0.0,4.968
2673,100.0,26.0,2673.0,15.0,15.0,0.0,4.968
2674,100.0,26.0,2674.0,15.0,15.0,0.0,4.968
2675,100.0,26.0,2675.0,15.0,15.0,0.0,4.968
2676,100.0,26.0,2676.0,15.0,15.0,0.0,4.968
2677,100.0,26.0,2677.0,15.0,15.0,0.0,4.968
2678,100.0,26.0,2678.0,15.0,15.0,0.0,4.968
2679,100.0,26.0,2679.0,15.0,15.0,0.0,4.968
2680,100.0,26.0,2680.0,15.0,15.0,0.0,4.968
2681,100.0,26.0,2681.0,15.0,15.0,0.0,4.968
2682,100.0,26.0,2682.0,15.0,15.0,0.0,4.968
2683,100.0,26.0,2683.0,15.0,15.0,0.0,4.968
2684,100.0,26.0,2684.0,15.0,15.0,0.0,4.968
2685,100.0,26.0,2685.0,15.0,15.0,0.0,4.968
2686,100.0,26.0,2686.0,15.0,15.0,0.0,4.968
2687,100.0,26.0,2687.0,15.0,15.0,0.0,4.968
2688,100.0,26.0,2688.0,15.0,15.0,0.0,4.968
2689,100.0,26.0,2689.0,15.0,15.0,0.0,4.968
2690,100.0,26.0,2690.0,15.0,15.0,0.0,4.968
2691,100.0,26.0,2691.0,15.0,15.0,0.0,4.968
2692,100.0,26.0,2692.0,15.0,15.0,0.0,4.968
2693,100.0,26.0,2693.0,15.0,15.0,0.0,4.968
2694,100.0,26.0,2694.0,15.0,15.0,0.0,4.968
2695,100.0,26.0,2695.0,15.0,15.0,0.0,4.968
2696,100.0,26.0,2696.0,15.0,15.0,0.0,4.968
2697,100.0,26.0,2697.0,15.0,15.0,0.0,4.968
2698,100.0,26.0,2698.0,15.0,15.0,0.0,4.968
2699,100.0,26.0,2699.0,15.0,15.0,0.0,4.968
2700,100.0,27.0,2700.0,15.0,15.0,0.0,4.968
2701,100.0,27.0,2701.0,15.0,15.0,0.0,4.968
2702,100.0,27.0,2702.0,15.0,15.0,0.0,4.968
2703,100.0,27.0,2703.0,15.0,15.0,0.0,4.968
2704,100.0,27.0,2704.0,15.0,15.0,0.0,4.968
2705,100.0,27.0,2705.0,15.0,15.0,0.0,4.968
2706,100.0,27.0,2706.0,15.0,15.0,0.0,4.968
2707,100.0,27.0,2707.0,15.0,15.0,0.0,4.968
2708,100.0,27.0,2708.0,15.0,15.0,0.0,4.968
2709,100.0,27.0,2709.0,15.0,15.0,0.0,4.968
2710,100.0,27.0,2710.0,15.0,15.0,0.0,4.968
2711,100.0,27.0,2711.0,15.0,15.0,0.0,4.968
2712,100.0,27.0,2712.0,15.0,15.0,0.0,4.968
2713,100.0,27.0,2713.0,15.0,15.0,0.0,4.968
2714,100.0,27.0,2714.0,15.0,15.0,0.0,4.968
2715,100.0,27.0,2715.0,15.0,15.0,0.0,4.968
2716,100.0,27.0,2716.0,15.0,15.0,0.0,4.968
2717,100.0,27.0,2717.0,15.0,15.0,0.0,4.968
2718,100.0,27.0,2718.0,15.0,15.0,0.0,4.968
2719,100.0,27.0,2719.0,15.0,15.0,0.0,4.968
2720,100.0,27.0,2720.0,15.0,15.0,0.0,4.968
2721,100.0,27.0,2721.0,15.0,15.0,0.0,4.968
2722,100.0,27.0,2722.0,15.0,15.0,0.0,4.968
2723,100.0,27.0,2723.0,15.0,15.0,0.0,4.968
2724,100.0,27.0,2724.0,15.0,15.0,0.0,4.968
2725,100.0,27.0,2725.0,15.0,15.0,0.0,4.968
2726,100.0,27.0,2726.0,15.0,15.0,0.0,4.968
2727,100.0,27.0,2727.0,15.0,15.0,0.0,4.968
2728,100.0,27.0,2728.0,15.0,15.0,0.0,4.968
2729,100.0,27.0,2729.0,15.0,15.0,0.0,4.968
2730,100.0,27.0,2730.0,15.0,15.0,0.0,4.968
2731,100.0,27.0,2731.0,15.0,15.0,0.0,4.968
2732,100.0,27.0,2732.0,15.0,15.0,0.0,4.968
2733,100.0,27.0,2733.0,15.0,15.0,0.0,4.968
2734,100.0,27.0,2734.0,15.0,15.0,0.0,4.968
2735,100.0,27.0,2735.0,15.0,15.0,0.0,4.968
2736,100.0,27.0,2736.0,15.0,15.0,0.0,4.968
2737,100.0,27.0,2737.0,15.0,15.0,0.0,4.968
2738,100.0,27.0,2738.0,15.0,15.0,0.0,4.968
2739,100.0,27.0,2739.0,15.0,15.0,0.0,4.968
2740,100.0,27.0,2740.0,15.0,15.0,0.0,4.968
2741,100.0,27.0,2741.0,15.0,15.0,0.0,4.968
2742,100.0,27.0,2742.0,15.0,15.0,0.0,4.968
2743,100.0,27.0,2743.0,15.0,15.0,0.0,4.968
2744,100.0,27.0,2744.0,15.0,15.0,0.0,4.968
2745,100.0,27.0,2745.0,15.0,15.0,0.0,4.968
2746,100.0,27.0,2746.0,15.0,15.0,0.0,4.968
2747,100.0,27.0,2747.0,15.0,15.0,0.0,4.968
2748,100.0,27.0,2748.0,15.0,15.0,0.0,4.968
2749,100.0,27.0,2749.0,15.0,15.0,0.0,4.968
2750,100.0,27.0,2750.0,15.0,15.0,0.0,4.968
2751,100.0,27.0,2751.0,15.0,15.0,0.0,4.968
2752,100.0,27.0,2752.0,15.0,15.0,0.0,4.968
2753,100.0,27.0,2753.0,15.0,15.0,0.0,4.968
2754,100.0,27.0,2754.0,15.0,15.0,0.0,4.968
2755,100.0,27.0,2755.0,15.0,15.0,0.0,4.968
2756,100.0,27.0,2756.0,15.0,15.0,0.0,4.968
2757,100.0,27.0,2757.0,15.0,15.0,0.0,4.968
2758,100.0,27.0,2758.0,15.0,15.0,0.0,4.968
2759,100.0,27.0,2759.0,15.0,15.0,0.0,4.968
2760,100.0,27.0,2760.0,15.0,15.0,0.0,4.968
2761,100.0,27.0,2761.0,15.0,15.0,0.0,4.968
2762,100.0,27.0,2762.0,15.0,15.0,0.0,4.968
2763,100.0,27.0,2763.0,15.0,15.0,0.0,4.968
2764,100.0,27.0,2764.0,6.186443,6.186443,5.859375,4.968
2765,100.0,27.0,2765.0,6.186443,6.186443,0.0,4.968
2766,100.0,27.0,2766.0,6.186443,6.186443,0.0,4.968
2767,100.0,27.0,2767.0,6.186443,6.186443,0.0,4.968
2768,100.0,27.0,2768.0,6.186443,6.186443,0.0,4.968
2769,100.0,27.0,2769.0,6.186443,6.186443,0.0,4.968
2770,100.0,27.0,2770.0,6.186443,6.186443,0.0,4.968
2771,100.0,27.0,2771.0,6.186443,6.186443,0.0,4.968
2772,100.0,27.0,2772.0,6.186443,6.186443,0.0,4.968
2773,100.0,27.0,2773.0,6.186443,6.186443,0.0,4.968
2774,100.0,27.0,2774.0,6.186443,6.186443,0.0,4.968
2775,100.0,27.0,2775.0,15.0,15.0,0.0,4.968
2776,100.0,27.0,2776.0,15.0,15.0,0.0,4.968
2777,100.0,27.0,2777.0,15.0,15.0,0.0,4.968
2778,100.0,27.0,2778.0,15.0,15.0,0.0,4.968
2779,100.0,27.0,2779.0,15.0,15.0,0.0,4.968
2780,100.0,27.0,2780.0,15.0,15.0,0.0,4.968
2781,100.0,27.0,2781.0,15.0,15.0,0.0,4.968
2782,100.0,27.0,2782.0,15.0,15.0,0.0,4.968
2783,100.0,27.0,2783.0,15.0,15.0,0.0,4.968
2784,100.0,27.0,2784.0,15.0,15.0,0.0,4.968
2785,100.0,27.0,2785.0,15.0,15.0,0.0,4.968
2786,100.0,27.0,2786.0,15.0,15.0,0.0,4.968
2787,100.0,27.0,2787.0,15.0,15.0,0.0,4.968
2788,100.0,27.0,2788.0,15.0,15.0,0.0,4.968
2789,100.0,27.0,2789.0,15.0,15.0,0.0,4.968
2790,100.0,27.0,2790.0,15.0,15.0,0.0,4.968
2791,100.0,27.0,2791.0,15.0,15.0,0.0,4.968
2792,100.0,27.0,2792.0,15.0,15.0,0.0,4.968
2793,100.0,27.0,2793.0,15.0,15.0,0.0,4.968
2794,100.0,27.0,2794.0,15.0,15.0,0.0,4.968
2795,100.0,27.0,2795.0,15.0,15.0,0.0,4.968
2796,100.0,27.0,2796.0,15.0,15.0,0.0,4.968
2797,100.0,27.0,2797.0,15.0,15.0,0.0,4.968
2798,100.0,27.0,2798.0,15.0,15.0,0.0,4.968
2799,100.0,27.0,2799.0,15.0,15.0,0.0,4.968
2800,100.0,28.0,2800.0,15.0,15.0,0.0,4.968
2801,100.0,28.0,2801.0,15.0,15.0,0.0,4.968
2802,100.0,28.0,2802.0,15.0,15.0,0.0,4.968
2803,100.0,28.0,2803.0,15.0,15.0,0.0,4.968
2804,100.0,28.0,2804.0,15.0,15.0,0.0,4.968
2805,100.0,28.0,2805.0,15.0,15.0,0.0,4.968
2806,100.0,28.0,2806.0,15.0,15.0,0.0,4.968
2807,100.0,28.0,2807.0,15.0,15.0,0.0,4.968
2808,100.0,28.0,2808.0,15.0,15.0,0.0,4.968
2809,100.0,28.0,2809.0,15.0,15.0,0.0,4.968
2810,100.0,28.0,2810.0,15.0,15.0,0.0,4.968
2811,100.0,28.0,2811.0,15.0,15.0,0.0,4.968
2812,100.0,28.0,2812.0,15.0,15.0,0.0,4.968
2813,100.0,28.0,2813.0,15.0,15.0,0.0,4.968
2814,100.0,28.0,2814.0,15.0,15.0,0.0,4.968
2815,100.0,28.0,2815.0,15.0,15.0,0.0,4.968
2816,100.0,28.0,2816.0,15.0,15.0,0.0,4.968
2817,100.0,28.0,2817.0,15.0,15.0,0.0,4.968
2818,100.0,28.0,2818.0,15.0,15.0,0.0,4.968
2819,100.0,28.0,2819.0,15.0,15.0,0.0,4.968
2820,100.0,28.0,2820.0,15.0,15.0,0.0,4.968
2821,100.0,28.0,2821.0,15.0,15.0,0.0,4.968
2822,100.0,28.0,2822.0,15.0,15.0,0.0,4.968
2823,100.0,28.0,2823.0,15.0,15.0,0.0,4.968
2824,100.0,28.0,2824.0,15.0,15.0,0.0,4.968
2825,100.0,28.0,2825.0,15.0,15.0,0.0,4.968
2826,100.0,28.0,2826.0,15.0,15.0,0.0,4.968
2827,100.0,28.0,2827.0,15.0,15.0,0.0,4.968
2828,100.0,28.0,2828.0,15.0,15.0,0.0,4.968
2829,100.0,28.0,2829.0,15.0,15.0,0.0,4.968
2830,100.0,28.0,2830.0,15.0,15.0,0.0,4.968
2831,100.0,28.0,2831.0,15.0,15.0,0.0,4.968
2832,100.0,28.0,2832.0,15.0,15.0,0.0,4.968
2833,100.0,28.0,2833.0,15.0,15.0,0.0,4.968
2834,100.0,28.0,2834.0,15.0,15.0,0.0,4.968
2835,100.0,28.0,2835.0,15.0,15.0,0.0,4.968
2836,100.0,28.0,2836.0,15.0,15.0,0.0,4.968
2837,100.0,28.0,2837.0,15.0,15.0,0.0,4.968
2838,100.0,28.0,2838.0,15.0,15.0,0.0,4.968
2839,100.0,28.0,2839.0,15.0,15.0,0.0,4.968
2840,100.0,28.0,2840.0,15.0,15.0,0.0,4.968
2841,100.0,28.0,2841.0,15.0,15.0,0.0,4.968
2842,100.0,28.0,2842.0,15.0,15.0,0.0,4.968
2843,100.0,28.0,2843.0,15.0,15.0,0.0,4.968
2844,100.0,28.0,2844.0,15.0,15.0,0.0,4.968
2845,100.0,28.0,2845.0,15.0,15.0,0.0,4.968
2846,100.0,28.0,2846.0,15.0,15.0,0.0,4.968
2847,100.0,28.0,2847.0,15.0,15.0,0.0,4.968
2848,100.0,28.0,2848.0,15.0,15.0,0.0,4.968
2849,100.0,28.0,2849.0,15.0,15.0,0.0,4.968
2850,100.0,28.0,2850.0,15.0,15.0,0.0,4.968
2851,100.0,28.0,2851.0,15.0,15.0,0.0,4.968
2852,100.0,28.0,2852.0,15.0,15.0,0.0,4.968
2853,100.0,28.0,2853.0,15.0,15.0,0.0,4.968
2854,100.0,28.0,2854.0,15.0,15.0,0.0,4.968
2855,100.0,28.0,2855.0,15.0,15.0,0.0,4.968
2856,100.0,28.0,2856.0,15.0,15.0,0.0,4.968
2857,100.0,28.0,2857.0,15.0,15.0,0.0,4.968
2858,100.0,28.0,2858.0,15.0,15.0,0.0,4.968
2859,100.0,28.0,2859.0,15.0,15.0,0.0,4.968
2860,100.0,28.0,2860.0,15.0,15.0,0.0,4.968
2861,100.0,28.0,2861.0,15.0,15.0,0.0,4.968
2862,100.0,28.0,2862.0,15.0,15.0,0.0,4.968
2863,100.0,28.0,2863.0,15.0,15.0,0.0,4.968
2864,100.0,28.0,2864.0,15.0,15.0,0.0,4.968
2865,100.0,28.0,2865.0,15.0,15.0,0.0,4.968
2866,100.0,28.0,2866.0,15.0,15.0,0.0,4.968
2867,100.0,28.0,2867.0,15.0,15.0,0.0,4.968
2868,100.0,28.0,2868.0,15.0,15.0,0.0,4.968
2869,100.0,28.0,2869.0,15.0,15.0,0.0,4.968
2870,100.0,28.0,2870.0,15.0,15.0,0.0,4.968
2871,100.0,28.0,2871.0,15.0,15.0,0.0,4.968
2872,100.0,28.0,2872.0,15.0,15.0,0.0,4.968
2873,100.0,28.0,2873.0,15.0,15.0,0.0,4.968
2874,100.0,28.0,2874.0,15.0,15.0,0.0,4.968
2875,100.0,28.0,2875.0,15.0,15.0,0.0,4.968
2876,100.0,28.0,2876.0,15.0,15.0,0.0,4.968
2877,100.0,28.0,2877.0,15.0,15.0,0.0,4.968
2878,100.0,28.0,2878.0,15.0,15.0,0.0,4.968
2879,100.0,28.0,2879.0,15.0,15.0,0.0,4.968
2880,100.0,28.0,2880.0,15.0,15.0,0.0,4.968
2881,100.0,28.0,2881.0,15.0,15.0,0.0,4.968
2882,100.0,28.0,2882.0,15.0,15.0,0.0,4.968
2883,100.0,28.0,2883.0,15.0,15.0,0.0,4.968
2884,100.0,28.0,2884.0,15.0,15.0,0.0,4.968
2885,100.0,28.0,2885.0,15.0,15.0,0.0,4.968
2886,100.0,28.0,2886.0,15.0,15.0,0.0,4.968
2887,100.0,28.0,2887.0,15.0,15.0,0.0,4.968
2888,100.0,28.0,2888.0,15.0,15.0,0.0,4.968
2889,100.0,28.0,2889.0,15.0,15.0,0.0,4.968
2890,100.0,28.0,2890.0,15.0,15.0,0.0,4.968
2891,100.0,28.0,2891.0,15.0,15.0,0.0,4.968
2892,100.0,28.0,2892.0,15.0,15.0,0.0,4.968
2893,100.0,28.0,2893.0,15.0,15.0,0.0,4.968
2894,100.0,28.0,2894.0,15.0,15.0,0.0,4.968
2895,100.0,28.0,2895.0,15.0,15.0,0.0,4.968
2896,100.0,28.0,2896.0,15.0,15.0,0.0,4.968
2897,100.0,28.0,2897.0,15.0,15.0,0.0,4.968
2898,100.0,28.0,2898.0,15.0,15.0,0.0,4.968
2899,100.0,28.0,2899.0,15.0,15.0,0.0,4.968
2900,100.0,29.0,2900.0,15.0,15.0,0.0,4.968
2901,100.0,29.0,2901.0,15.0,15.0,0.0,4.968
2902,100.0,29.0,2902.0,15.0,15.0,0.0,4.968
2903,100.0,29.0,2903.0,15.0,15.0,0.0,4.968
2904,100.0,29.0,2904.0,15.0,15.0,0.0,4.968
2905,100.0,29.0,2905.0,15.0,15.0,0.0,4.968
2906,100.0,29.0,2906.0,15.0,15.0,0.0,4.968
2907,100.0,29.0,2907.0,15.0,15.0,0.0,4.968
2908,100.0,29.0,2908.0,15.0,15.0,0.0,4.968
2909,100.0,29.0,2909.0,15.0,15.0,0.0,4.968
2910,100.0,29.0,2910.0,15.0,15.0,0.0,4.968
2911,100.0,29.0,2911.0,15.0,15.0,0.0,4.968
2912,100.0,29.0,2912.0,15.0,15.0,0.0,4.968
2913,100.0,29.0,2913.0,15.0,15.0,0.0,4.968
2914,100.0,29.0,2914.0,15.0,15.0,0.0,4.968
2915,100.0,29.0,2915.0,15.0,15.0,0.0,4.968
2916,100.0,29.0,2916.0,15.0,15.0,0.0,4.968
2917,100.0,29.0,2917.0,15.0,15.0,0.0,4.968
2918,100.0,29.0,2918.0,15.0,15.0,0.0,4.968
2919,100.0,29.0,2919.0,15.0,15.0,0.0,4.968
2920,100.0,29.0,2920.0,15.0,15.0,0.0,4.968
2921,100.0,29.0,2921.0,15.0,15.0,0.0,4.968
2922,100.0,29.0,2922.0,15.0,15.0,0.0,4.968
2923,100.0,29.0,2923.0,15.0,15.0,0.0,4.968
2924,100.0,29.0,2924.0,15.0,15.0,0.0,4.968
2925,100.0,29.0,2925.0,15.0,15.0,0.0,4.968
2926,100.0,29.0,2926.0,15.0,15.0,0.0,4.968
2927,100.0,29.0,2927.0,15.0,15.0,0.0,4.968
2928,100.0,29.0,2928.0,15.0,15.0,0.0,4.968
2929,100.0,29.0,2929.0,15.0,15.0,0.0,4.968
2930,100.0,29.0,2930.0,15.0,15.0,0.0,4.968
2931,100.0,29.0,2931.0,15.0,15.0,0.0,4.968
2932,100.0,29.0,2932.0,15.0,15.0,0.0,4.968
2933,100.0,29.0,2933.0,15.0,15.0,0.0,4.968
2934,100.0,29.0,2934.0,15.0,15.0,0.0,4.968
2935,100.0,29.0,2935.0,15.0,15.0,0.0,4.968
2936,100.0,29.0,2936.0,15.0,15.0,0.0,4.968
2937,100.0,29.0,2937.0,15.0,15.0,0.0,4.968
2938,100.0,29.0,2938.0,15.0,15.0,0.0,4.968
2939,100.0,29.0,2939.0,15.0,15.0,0.0,4.968
2940,100.0,29.0,2940.0,15.0,15.0,0.0,4.968
2941,100.0,29.0,2941.0,15.0,15.0,0.0,4.968
2942,100.0,29.0,2942.0,15.0,15.0,0.0,4.968
2943,100.0,29.0,2943.0,15.0,15.0,0.0,4.968
2944,100.0,29.0,2944.0,15.0,15.0,0.0,4.968
2945,100.0,29.0,2945.0,15.0,15.0,0.0,4.968
2946,100.0,29.0,2946.0,15.0,15.0,0.0,4.968
2947,100.0,29.0,2947.0,15.0,15.0,0.0,4.968
2948,100.0,29.0,2948.0,15.0,15.0,0.0,4.968
2949,100.0,29.0,2949.0,15.0,15.0,0.0,4.968
2950,100.0,29.0,2950.0,15.0,15.0,0.0,4.968
2951,100.0,29.0,2951.0,15.0,15.0,0.0,4.968
2952,100.0,29.0,2952.0,15.0,15.0,0.0,4.968
2953,100.0,29.0,2953.0,15.0,15.0,0.0,4.968
2954,100.0,29.0,2954.0,15.0,15.0,0.0,4.968
2955,100.0,29.0,2955.0,15.0,15.0,0.0,4.968
2956,100.0,29.0,2956.0,15.0,15.0,0.0,4.968
2957,100.0,29.0,2957.0,15.0,15.0,0.0,4.968
2958,100.0,29.0,2958.0,15.0,15.0,0.0,4.968
2959,100.0,29.0,2959.0,15.0,15.0,0.0,4.968
2960,100.0,29.0,2960.0,15.0,15.0,0.0,4.968
2961,100.0,29.0,2961.0,15.0,15.0,0.0,4.968
2962,100.0,29.0,2962.0,15.0,15.0,0.0,4.968
2963,100.0,29.0,2963.0,15.0,15.0,0.0,4.968
2964,100.0,29.0,2964.0,15.0,15.0,0.0,4.968
2965,100.0,29.0,2965.0,15.0,15.0,0.0,4.968
2966,100.0,29.0,2966.0,15.0,15.0,0.0,4.968
2967,100.0,29.0,2967.0,15.0,15.0,0.0,4.968
2968,100.0,29.0,2968.0,15.0,15.0,0.0,4.968
2969,100.0,29.0,2969.0,15.0,15.0,0.0,4.968
2970,100.0,29.0,2970.0,15.0,15.0,0.0,4.968
2971,100.0,29.0,2971.0,15.0,15.0,0.0,4.968
2972,100.0,29.0,2972.0,15.0,15.0,0.0,4.968
2973,100.0,29.0,2973.0,15.0,15.0,0.0,4.968
2974,100.0,29.0,2974.0,15.0,15.0,0.0,4.968
2975,100.0,29.0,2975.0,15.0,15.0,0.0,4.968
2976,100.0,29.0,2976.0,15.0,15.0,0.0,4.968
2977,100.0,29.0,2977.0,15.0,15.0,0.0,4.968
2978,100.0,29.0,2978.0,15.0,15.0,0.0,4.968
2979,100.0,29.0,2979.0,15.0,15.0,0.0,4.968
2980,100.0,29.0,2980.0,15.0,15.0,0.0,4.968
2981,100.0,29.0,2981.0,15.0,15.0,0.0,4.968
2982,100.0,29.0,2982.0,15.0,15.0,0.0,4.968
2983,100.0,29.0,2983.0,15.0,15.0,0.0,4.968
2984,100.0,29.0,2984.0,15.0,15.0,0.0,4.968
2985,100.0,29.0,2985.0,15.0,15.0,0.0,4.968
2986,100.0,29.0,2986.0,15.0,15.0,0.0,4.968
2987,100.0,29.0,2987.0,15.0,15.0,0.0,4.968
2988,100.0,29.0,2988.0,15.0,15.0,0.0,4.968
2989,100.0,29.0,2989.0,15.0,15.0,0.0,4.968
2990,100.0,29.0,2990.0,15.0,15.0,0.0,4.968
2991,100.0,29.0,2991.0,15.0,15.0,0.0,4.968
2992,100.0,29.0,2992.0,15.0,15.0,0.0,4.968
2993,100.0,29.0,2993.0,15.0,15.0,0.0,4.968
2994,100.0,29.0,2994.0,15.0,15.0,0.0,4.968
2995,100.0,29.0,2995.0,15.0,15.0,0.0,4.968
2996,100.0,29.0,2996.0,15.0,15.0,0.0,4.968
2997,100.0,29.0,2997.0,15.0,15.0,0.0,4.968
2998,100.0,29.0,2998.0,15.0,15.0,0.0,4.968
2999,100.0,29.0,2999.0,15.0,15.0,0.0,4.968
